raw_data,timestamp
"{\"event_time\": \"2022-05-03 11:39:25.705\", \"user_id\": 627, \"video_id\": 1686520, \"watch_time\": 1.258, \"duration\": 10.3, \"watch_ratio\": 0.1221, \"is_click\": 0, \"is_like\": 0, \"is_share\": 0}",2026-05-03T11:44:04.609+07:00
"{\"event_time\": \"2022-04-27 13:08:48.777\", \"user_id\": 118, \"video_id\": 423236, \"watch_time\": 7.415, \"duration\": 156.2, \"watch_ratio\": 0.0475, \"is_click\": 1, \"is_like\": 0, \"is_share\": 0}",2026-05-03T11:44:04.620+07:00
"{\"event_time\": \"2022-04-22 03:02:10.713\", \"user_id\": 917, \"video_id\": 360112, \"watch_time\": 1.957, \"duration\": 293.68, \"watch_ratio\": 0.0067, \"is_click\": 0, \"is_like\": 0, \"is_share\": 0}",2026-05-03T11:44:04.692+07:00
"{\"event_time\": \"2022-05-05 15:38:56.413\", \"user_id\": 716, \"video_id\": 3425915, \"watch_time\": 1.383, \"duration\": 8.0, \"watch_ratio\": 0.1729, \"is_click\": 0, \"is_like\": 0, \"is_share\": 0}",2026-05-03T11:44:04.713+07:00
"{\"event_time\": \"2022-05-01 13:20:06.272\", \"user_id\": 996, \"video_id\": 2070442, \"watch_time\": 1.081, \"duration\": 53.0, \"watch_ratio\": 0.0204, \"is_click\": 0, \"is_like\": 0, \"is_share\": 0}",2026-05-03T11:44:04.724+07:00
"{\"event_time\": \"2022-05-02 07:06:39.065\", \"user_id\": 539, \"video_id\": 1092124, \"watch_time\": 21.737, \"duration\": 30.833, \"watch_ratio\": 0.705, \"is_click\": 1, \"is_like\": 0, \"is_share\": 0}",2026-05-03T11:44:04.734+07:00
"{\"event_time\": \"2022-05-07 06:03:26.745\", \"user_id\": 736, \"video_id\": 363927, \"watch_time\": 8.48, \"duration\": 7.266, \"watch_ratio\": 1.0, \"is_click\": 1, \"is_like\": 0, \"is_share\": 0}",2026-05-03T11:44:04.796+07:00
"{\"event_time\": \"2022-04-30 23:59:15.078\", \"user_id\": 187, \"video_id\": 393728, \"watch_time\": 10.84, \"duration\": 11.133, \"watch_ratio\": 0.9737, \"is_click\": 1, \"is_like\": 0, \"is_share\": 0}",2026-05-03T11:44:04.806+07:00
"{\"event_time\": \"2022-05-01 02:15:39.569\", \"user_id\": 104, \"video_id\": 4276215, \"watch_time\": 0.0, \"duration\": 198.2, \"watch_ratio\": 0.0, \"is_click\": 0, \"is_like\": 0, \"is_share\": 0}",2026-05-03T11:44:04.848+07:00
"{\"event_time\": \"2022-05-05 23:51:00.833\", \"user_id\": 571, \"video_id\": 2736121, \"watch_time\": 80.34, \"duration\": 186.866, \"watch_ratio\": 0.4299, \"is_click\": 1, \"is_like\": 0, \"is_share\": 0}",2026-05-03T11:44:04.868+07:00
"{\"event_time\": \"2022-04-23 21:52:36.440\", \"user_id\": 925, \"video_id\": 2080591, \"watch_time\": 7.273, \"duration\": 8.931, \"watch_ratio\": 0.8144, \"is_click\": 1, \"is_like\": 0, \"is_share\": 0}",2026-05-03T11:44:04.920+07:00
"{\"event_time\": \"2022-05-08 12:08:13.464\", \"user_id\": 904, \"video_id\": 233800, \"watch_time\": 12.902, \"duration\": 11.2, \"watch_ratio\": 1.0, \"is_click\": 1, \"is_like\": 0, \"is_share\": 0}",2026-05-03T11:44:04.941+07:00
"{\"event_time\": \"2022-05-05 06:17:10.738\", \"user_id\": 352, \"video_id\": 2233272, \"watch_time\": 0.0, \"duration\": 15.2, \"watch_ratio\": 0.0, \"is_click\": 0, \"is_like\": 0, \"is_share\": 0}",2026-05-03T11:44:04.951+07:00
"{\"event_time\": \"2022-05-04 22:38:56.535\", \"user_id\": 580, \"video_id\": 1837595, \"watch_time\": 2.768, \"duration\": 99.56, \"watch_ratio\": 0.0278, \"is_click\": 0, \"is_like\": 0, \"is_share\": 0}",2026-05-03T11:44:04.962+07:00
"{\"event_time\": \"2022-05-03 09:03:21.564\", \"user_id\": 999, \"video_id\": 37556, \"watch_time\": 6.827, \"duration\": 94.2, \"watch_ratio\": 0.0725, \"is_click\": 0, \"is_like\": 0, \"is_share\": 0}",2026-05-03T11:44:04.972+07:00
"{\"event_time\": \"2022-04-28 07:07:12.903\", \"user_id\": 265, \"video_id\": 349009, \"watch_time\": 1.585, \"duration\": 10.958, \"watch_ratio\": 0.1446, \"is_click\": 0, \"is_like\": 0, \"is_share\": 0}",2026-05-03T11:44:05.003+07:00
"{\"event_time\": \"2022-04-23 03:54:54.729\", \"user_id\": 797, \"video_id\": 1723307, \"watch_time\": 1.295, \"duration\": 249.817, \"watch_ratio\": 0.0052, \"is_click\": 0, \"is_like\": 0, \"is_share\": 0}",2026-05-03T11:44:05.034+07:00
"{\"event_time\": \"2022-05-06 09:52:16.727\", \"user_id\": 997, \"video_id\": 3039004, \"watch_time\": 5.609, \"duration\": 72.0, \"watch_ratio\": 0.0779, \"is_click\": 0, \"is_like\": 0, \"is_share\": 0}",2026-05-03T11:44:05.045+07:00
"{\"event_time\": \"2022-04-23 22:20:22.395\", \"user_id\": 567, \"video_id\": 1500846, \"watch_time\": 0.0, \"duration\": 41.833, \"watch_ratio\": 0.0, \"is_click\": 0, \"is_like\": 0, \"is_share\": 0}",2026-05-03T11:44:05.086+07:00
"{\"event_time\": \"2022-04-22 14:39:20.563\", \"user_id\": 492, \"video_id\": 2866756, \"watch_time\": 57.081, \"duration\": 43.5, \"watch_ratio\": 1.0, \"is_click\": 1, \"is_like\": 0, \"is_share\": 0}",2026-05-03T11:44:05.137+07:00
"{\"event_time\": \"2022-05-05 19:30:18.105\", \"user_id\": 954, \"video_id\": 4174300, \"watch_time\": 1.3, \"duration\": 22.566, \"watch_ratio\": 0.0576, \"is_click\": 0, \"is_like\": 0, \"is_share\": 0}",2026-05-03T11:44:05.148+07:00
"{\"event_time\": \"2022-04-27 08:22:32.718\", \"user_id\": 599, \"video_id\": 1226754, \"watch_time\": 0.0, \"duration\": 70.033, \"watch_ratio\": 0.0, \"is_click\": 0, \"is_like\": 0, \"is_share\": 0}",2026-05-03T11:44:05.189+07:00
"{\"event_time\": \"2022-05-03 11:40:56.229\", \"user_id\": 981, \"video_id\": 995895, \"watch_time\": 1.195, \"duration\": 6.066, \"watch_ratio\": 0.197, \"is_click\": 0, \"is_like\": 0, \"is_share\": 0}",2026-05-03T11:44:05.221+07:00
"{\"event_time\": \"2022-04-30 02:27:39.235\", \"user_id\": 13, \"video_id\": 1284339, \"watch_time\": 7.42, \"duration\": 148.414, \"watch_ratio\": 0.05, \"is_click\": 1, \"is_like\": 0, \"is_share\": 0}",2026-05-03T11:44:05.262+07:00
"{\"event_time\": \"2022-05-01 19:02:48.465\", \"user_id\": 447, \"video_id\": 488789, \"watch_time\": 0.0, \"duration\": 101.383, \"watch_ratio\": 0.0, \"is_click\": 0, \"is_like\": 0, \"is_share\": 0}",2026-05-03T11:44:05.272+07:00
"{\"event_time\": \"2022-05-02 08:55:42.354\", \"user_id\": 875, \"video_id\": 1123643, \"watch_time\": 4.614, \"duration\": 44.866, \"watch_ratio\": 0.1028, \"is_click\": 0, \"is_like\": 0, \"is_share\": 0}",2026-05-03T11:44:05.283+07:00
"{\"event_time\": \"2022-04-27 17:35:34.819\", \"user_id\": 549, \"video_id\": 1115374, \"watch_time\": 14.903, \"duration\": 19.133, \"watch_ratio\": 0.7789, \"is_click\": 1, \"is_like\": 0, \"is_share\": 0}",2026-05-03T11:44:05.303+07:00
"{\"event_time\": \"2022-04-24 08:08:16.394\", \"user_id\": 445, \"video_id\": 2185665, \"watch_time\": 16.232, \"duration\": 8.133, \"watch_ratio\": 1.0, \"is_click\": 1, \"is_like\": 0, \"is_share\": 0}",2026-05-03T11:44:05.324+07:00
"{\"event_time\": \"2022-05-01 05:34:49.458\", \"user_id\": 561, \"video_id\": 3166122, \"watch_time\": 7.482, \"duration\": 8.47, \"watch_ratio\": 0.8834, \"is_click\": 1, \"is_like\": 0, \"is_share\": 0}",2026-05-03T11:44:05.345+07:00
"{\"event_time\": \"2022-04-28 11:43:05.554\", \"user_id\": 382, \"video_id\": 1468862, \"watch_time\": 0.259, \"duration\": 12.0, \"watch_ratio\": 0.0216, \"is_click\": 0, \"is_like\": 0, \"is_share\": 0}",2026-05-03T11:44:05.407+07:00
"{\"event_time\": \"2022-04-29 09:27:02.807\", \"user_id\": 684, \"video_id\": 1459425, \"watch_time\": 5.621, \"duration\": 123.6, \"watch_ratio\": 0.0455, \"is_click\": 0, \"is_like\": 0, \"is_share\": 0}",2026-05-03T11:44:05.427+07:00
"{\"event_time\": \"2022-04-22 05:26:31.895\", \"user_id\": 790, \"video_id\": 1150114, \"watch_time\": 105.285, \"duration\": 11.0, \"watch_ratio\": 1.0, \"is_click\": 1, \"is_like\": 0, \"is_share\": 0}",2026-05-03T11:44:05.448+07:00
"{\"event_time\": \"2022-04-24 01:02:12.716\", \"user_id\": 911, \"video_id\": 780807, \"watch_time\": 1.132, \"duration\": 15.041, \"watch_ratio\": 0.0753, \"is_click\": 0, \"is_like\": 0, \"is_share\": 0}",2026-05-03T11:44:05.459+07:00
"{\"event_time\": \"2022-05-02 08:34:11.500\", \"user_id\": 930, \"video_id\": 2678698, \"watch_time\": 3.668, \"duration\": 218.84, \"watch_ratio\": 0.0168, \"is_click\": 0, \"is_like\": 0, \"is_share\": 0}",2026-05-03T11:44:05.521+07:00
"{\"event_time\": \"2022-05-02 16:51:00.909\", \"user_id\": 190, \"video_id\": 3868580, \"watch_time\": 17.979, \"duration\": 6.1, \"watch_ratio\": 1.0, \"is_click\": 1, \"is_like\": 0, \"is_share\": 0}",2026-05-03T11:44:05.532+07:00
"{\"event_time\": \"2022-05-08 03:31:28.119\", \"user_id\": 962, \"video_id\": 2734095, \"watch_time\": 0.0, \"duration\": 239.1, \"watch_ratio\": 0.0, \"is_click\": 0, \"is_like\": 0, \"is_share\": 0}",2026-05-03T11:44:05.543+07:00
"{\"event_time\": \"2022-05-01 04:01:12.017\", \"user_id\": 998, \"video_id\": 144560, \"watch_time\": 0.775, \"duration\": 78.633, \"watch_ratio\": 0.0099, \"is_click\": 0, \"is_like\": 0, \"is_share\": 0}",2026-05-03T11:44:05.553+07:00
"{\"event_time\": \"2022-05-02 06:22:17.808\", \"user_id\": 829, \"video_id\": 1354570, \"watch_time\": 0.0, \"duration\": 18.344, \"watch_ratio\": 0.0, \"is_click\": 0, \"is_like\": 0, \"is_share\": 0}",2026-05-03T11:44:05.564+07:00
"{\"event_time\": \"2022-05-04 14:08:36.681\", \"user_id\": 652, \"video_id\": 2287172, \"watch_time\": 23.022, \"duration\": 21.68, \"watch_ratio\": 1.0, \"is_click\": 1, \"is_like\": 0, \"is_share\": 0}",2026-05-03T11:44:05.607+07:00
"{\"event_time\": \"2022-04-23 03:37:01.608\", \"user_id\": 799, \"video_id\": 270543, \"watch_time\": 3.051, \"duration\": 10.166, \"watch_ratio\": 0.3001, \"is_click\": 0, \"is_like\": 0, \"is_share\": 0}",2026-05-03T11:44:05.649+07:00
"{\"event_time\": \"2022-05-06 20:41:11.882\", \"user_id\": 617, \"video_id\": 1101375, \"watch_time\": 0.0, \"duration\": 66.833, \"watch_ratio\": 0.0, \"is_click\": 0, \"is_like\": 0, \"is_share\": 0}",2026-05-03T11:44:05.691+07:00
"{\"event_time\": \"2022-04-25 11:49:40.532\", \"user_id\": 68, \"video_id\": 669362, \"watch_time\": 6.224, \"duration\": 0.0, \"watch_ratio\": null, \"is_click\": 0, \"is_like\": 0, \"is_share\": 0}",2026-05-03T11:44:05.743+07:00
"{\"event_time\": \"2022-04-26 10:50:22.545\", \"user_id\": 527, \"video_id\": 2818245, \"watch_time\": 2.251, \"duration\": 85.48, \"watch_ratio\": 0.0263, \"is_click\": 0, \"is_like\": 0, \"is_share\": 0}",2026-05-03T11:44:05.763+07:00
"{\"event_time\": \"2022-04-26 03:09:18.884\", \"user_id\": 49, \"video_id\": 1121826, \"watch_time\": 5.664, \"duration\": 354.12, \"watch_ratio\": 0.016, \"is_click\": 0, \"is_like\": 0, \"is_share\": 0}",2026-05-03T11:44:05.784+07:00
"{\"event_time\": \"2022-04-26 18:35:36.427\", \"user_id\": 894, \"video_id\": 3789303, \"watch_time\": 40.555, \"duration\": 230.56, \"watch_ratio\": 0.1759, \"is_click\": 1, \"is_like\": 0, \"is_share\": 0}",2026-05-03T11:44:05.795+07:00
"{\"event_time\": \"2022-05-04 14:14:01.861\", \"user_id\": 941, \"video_id\": 1988056, \"watch_time\": 180.71, \"duration\": 177.166, \"watch_ratio\": 1.0, \"is_click\": 1, \"is_like\": 0, \"is_share\": 0}",2026-05-03T11:44:05.805+07:00
"{\"event_time\": \"2022-04-30 22:16:42.456\", \"user_id\": 619, \"video_id\": 2688014, \"watch_time\": 27.469, \"duration\": 0.0, \"watch_ratio\": null, \"is_click\": 1, \"is_like\": 1, \"is_share\": 1}",2026-05-03T11:44:05.898+07:00
"{\"event_time\": \"2022-04-24 10:04:41.564\", \"user_id\": 996, \"video_id\": 1099279, \"watch_time\": 4.092, \"duration\": 136.7, \"watch_ratio\": 0.0299, \"is_click\": 0, \"is_like\": 0, \"is_share\": 0}",2026-05-03T11:44:05.919+07:00
"{\"event_time\": \"2022-04-27 03:57:39.370\", \"user_id\": 447, \"video_id\": 891526, \"watch_time\": 0.0, \"duration\": 0.0, \"watch_ratio\": null, \"is_click\": 0, \"is_like\": 0, \"is_share\": 0}",2026-05-03T11:44:05.940+07:00
"{\"event_time\": \"2022-05-03 07:54:53.593\", \"user_id\": 490, \"video_id\": 660322, \"watch_time\": 4.582, \"duration\": 226.666, \"watch_ratio\": 0.0202, \"is_click\": 0, \"is_like\": 0, \"is_share\": 0}",2026-05-03T11:44:05.961+07:00
"{\"event_time\": \"2022-05-07 06:54:21.661\", \"user_id\": 128, \"video_id\": 411898, \"watch_time\": 0.0, \"duration\": 286.966, \"watch_ratio\": 0.0, \"is_click\": 0, \"is_like\": 0, \"is_share\": 0}",2026-05-03T11:44:05.971+07:00
"{\"event_time\": \"2022-04-27 11:37:43.115\", \"user_id\": 322, \"video_id\": 2902161, \"watch_time\": 20.104, \"duration\": 77.4, \"watch_ratio\": 0.2597, \"is_click\": 1, \"is_like\": 0, \"is_share\": 0}",2026-05-03T11:44:06.085+07:00
"{\"event_time\": \"2022-05-02 23:28:39.469\", \"user_id\": 927, \"video_id\": 3004245, \"watch_time\": 22.017, \"duration\": 0.0, \"watch_ratio\": null, \"is_click\": 1, \"is_like\": 0, \"is_share\": 0}",2026-05-03T11:44:06.095+07:00
"{\"event_time\": \"2022-05-04 15:26:00.267\", \"user_id\": 54, \"video_id\": 4296555, \"watch_time\": 9.897, \"duration\": 145.133, \"watch_ratio\": 0.0682, \"is_click\": 1, \"is_like\": 0, \"is_share\": 0}",2026-05-03T11:44:06.147+07:00
"{\"event_time\": \"2022-04-28 21:53:49.998\", \"user_id\": 656, \"video_id\": 739574, \"watch_time\": 11.986, \"duration\": 107.533, \"watch_ratio\": 0.1115, \"is_click\": 1, \"is_like\": 0, \"is_share\": 0}",2026-05-03T11:44:06.199+07:00
"{\"event_time\": \"2022-05-05 06:12:25.868\", \"user_id\": 6, \"video_id\": 3332215, \"watch_time\": 4.063, \"duration\": 72.1, \"watch_ratio\": 0.0564, \"is_click\": 0, \"is_like\": 0, \"is_share\": 0}",2026-05-03T11:44:06.220+07:00
"{\"event_time\": \"2022-04-25 11:35:30.810\", \"user_id\": 15, \"video_id\": 2510866, \"watch_time\": 0.0, \"duration\": 14.95, \"watch_ratio\": 0.0, \"is_click\": 0, \"is_like\": 0, \"is_share\": 0}",2026-05-03T11:44:06.292+07:00
"{\"event_time\": \"2022-05-03 11:07:59.918\", \"user_id\": 462, \"video_id\": 3469906, \"watch_time\": 51.556, \"duration\": 63.666, \"watch_ratio\": 0.8098, \"is_click\": 1, \"is_like\": 1, \"is_share\": 0}",2026-05-03T11:44:06.323+07:00
"{\"event_time\": \"2022-04-27 08:17:18.960\", \"user_id\": 372, \"video_id\": 2581414, \"watch_time\": 14.564, \"duration\": 16.1, \"watch_ratio\": 0.9046, \"is_click\": 1, \"is_like\": 0, \"is_share\": 0}",2026-05-03T11:44:06.416+07:00
"{\"event_time\": \"2022-05-04 12:51:34.656\", \"user_id\": 412, \"video_id\": 3341217, \"watch_time\": 0.0, \"duration\": 10.733, \"watch_ratio\": 0.0, \"is_click\": 0, \"is_like\": 0, \"is_share\": 0}",2026-05-03T11:44:06.437+07:00
"{\"event_time\": \"2022-04-29 12:47:20.288\", \"user_id\": 671, \"video_id\": 3374032, \"watch_time\": 2.711, \"duration\": 4.766, \"watch_ratio\": 0.5688, \"is_click\": 0, \"is_like\": 0, \"is_share\": 0}",2026-05-03T11:44:06.571+07:00
"{\"event_time\": \"2022-05-03 10:35:50.559\", \"user_id\": 317, \"video_id\": 4002455, \"watch_time\": 60.501, \"duration\": 53.7, \"watch_ratio\": 1.0, \"is_click\": 1, \"is_like\": 0, \"is_share\": 0}",2026-05-03T11:44:06.602+07:00
"{\"event_time\": \"2022-04-28 04:23:07.444\", \"user_id\": 94, \"video_id\": 1073163, \"watch_time\": 3.797, \"duration\": 0.0, \"watch_ratio\": null, \"is_click\": 0, \"is_like\": 0, \"is_share\": 0}",2026-05-03T11:44:06.623+07:00
"{\"event_time\": \"2022-04-25 14:55:36.643\", \"user_id\": 127, \"video_id\": 2954411, \"watch_time\": 0.0, \"duration\": 58.158, \"watch_ratio\": 0.0, \"is_click\": 0, \"is_like\": 0, \"is_share\": 0}",2026-05-03T11:44:06.633+07:00
"{\"event_time\": \"2022-04-26 09:20:45.621\", \"user_id\": 15, \"video_id\": 689849, \"watch_time\": 0.0, \"duration\": 12.6, \"watch_ratio\": 0.0, \"is_click\": 0, \"is_like\": 0, \"is_share\": 0}",2026-05-03T11:44:06.643+07:00
"{\"event_time\": \"2022-05-02 09:32:53.686\", \"user_id\": 205, \"video_id\": 1130971, \"watch_time\": 0.0, \"duration\": 7.7, \"watch_ratio\": 0.0, \"is_click\": 0, \"is_like\": 0, \"is_share\": 0}",2026-05-03T11:44:06.653+07:00
"{\"event_time\": \"2022-04-27 11:15:02.320\", \"user_id\": 395, \"video_id\": 1077145, \"watch_time\": 44.66, \"duration\": 148.0, \"watch_ratio\": 0.3018, \"is_click\": 1, \"is_like\": 0, \"is_share\": 0}",2026-05-03T11:44:06.674+07:00
"{\"event_time\": \"2022-05-04 10:46:50.622\", \"user_id\": 216, \"video_id\": 3713209, \"watch_time\": 25.533, \"duration\": 78.386, \"watch_ratio\": 0.3257, \"is_click\": 1, \"is_like\": 0, \"is_share\": 0}",2026-05-03T11:44:06.695+07:00
"{\"event_time\": \"2022-04-30 08:17:25.490\", \"user_id\": 66, \"video_id\": 1555499, \"watch_time\": 1.297, \"duration\": 295.85, \"watch_ratio\": 0.0044, \"is_click\": 0, \"is_like\": 0, \"is_share\": 0}",2026-05-03T11:44:06.705+07:00
"{\"event_time\": \"2022-05-02 14:00:14.412\", \"user_id\": 540, \"video_id\": 3529618, \"watch_time\": 0.0, \"duration\": 11.866, \"watch_ratio\": 0.0, \"is_click\": 0, \"is_like\": 0, \"is_share\": 0}",2026-05-03T11:44:06.737+07:00
"{\"event_time\": \"2022-05-04 04:01:51.241\", \"user_id\": 47, \"video_id\": 3455356, \"watch_time\": 2.634, \"duration\": 35.666, \"watch_ratio\": 0.0739, \"is_click\": 0, \"is_like\": 0, \"is_share\": 0}",2026-05-03T11:44:06.748+07:00
"{\"event_time\": \"2022-04-30 01:55:54.444\", \"user_id\": 27, \"video_id\": 606938, \"watch_time\": 9.994, \"duration\": 151.516, \"watch_ratio\": 0.066, \"is_click\": 1, \"is_like\": 0, \"is_share\": 0}",2026-05-03T11:44:06.758+07:00
"{\"event_time\": \"2022-04-29 09:41:35.086\", \"user_id\": 976, \"video_id\": 503094, \"watch_time\": 1.533, \"duration\": 190.791, \"watch_ratio\": 0.008, \"is_click\": 0, \"is_like\": 0, \"is_share\": 0}",2026-05-03T11:44:06.769+07:00
"{\"event_time\": \"2022-04-30 12:15:42.288\", \"user_id\": 347, \"video_id\": 1590566, \"watch_time\": 4.267, \"duration\": 340.166, \"watch_ratio\": 0.0125, \"is_click\": 0, \"is_like\": 0, \"is_share\": 0}",2026-05-03T11:44:06.800+07:00
"{\"event_time\": \"2022-05-04 14:45:59.848\", \"user_id\": 734, \"video_id\": 353655, \"watch_time\": 2.089, \"duration\": 35.375, \"watch_ratio\": 0.0591, \"is_click\": 0, \"is_like\": 0, \"is_share\": 0}",2026-05-03T11:44:06.822+07:00
"{\"event_time\": \"2022-05-08 04:20:07.303\", \"user_id\": 71, \"video_id\": 323087, \"watch_time\": 4.947, \"duration\": 181.233, \"watch_ratio\": 0.0273, \"is_click\": 0, \"is_like\": 0, \"is_share\": 0}",2026-05-03T11:44:06.875+07:00
"{\"event_time\": \"2022-05-08 10:43:56.733\", \"user_id\": 893, \"video_id\": 3742720, \"watch_time\": 0.594, \"duration\": 7.9, \"watch_ratio\": 0.0752, \"is_click\": 0, \"is_like\": 0, \"is_share\": 0}",2026-05-03T11:44:06.906+07:00
"{\"event_time\": \"2022-04-23 01:37:34.631\", \"user_id\": 862, \"video_id\": 3727179, \"watch_time\": 8.149, \"duration\": 9.175, \"watch_ratio\": 0.8882, \"is_click\": 1, \"is_like\": 0, \"is_share\": 0}",2026-05-03T11:44:06.937+07:00
"{\"event_time\": \"2022-04-30 07:57:41.796\", \"user_id\": 472, \"video_id\": 4069534, \"watch_time\": 12.321, \"duration\": 11.52, \"watch_ratio\": 1.0, \"is_click\": 1, \"is_like\": 0, \"is_share\": 0}",2026-05-03T11:44:06.947+07:00
"{\"event_time\": \"2022-04-24 22:34:42.761\", \"user_id\": 605, \"video_id\": 3732842, \"watch_time\": 1.2, \"duration\": 108.05, \"watch_ratio\": 0.0111, \"is_click\": 0, \"is_like\": 0, \"is_share\": 0}",2026-05-03T11:44:06.968+07:00
"{\"event_time\": \"2022-05-06 09:03:28.415\", \"user_id\": 75, \"video_id\": 3751326, \"watch_time\": 0.0, \"duration\": 28.0, \"watch_ratio\": 0.0, \"is_click\": 0, \"is_like\": 0, \"is_share\": 0}",2026-05-03T11:44:06.999+07:00
"{\"event_time\": \"2022-05-05 16:26:01.985\", \"user_id\": 553, \"video_id\": 923976, \"watch_time\": 0.0, \"duration\": 104.133, \"watch_ratio\": 0.0, \"is_click\": 0, \"is_like\": 0, \"is_share\": 0}",2026-05-03T11:44:07.009+07:00
"{\"event_time\": \"2022-04-24 01:26:59.518\", \"user_id\": 109, \"video_id\": 1680138, \"watch_time\": 1.088, \"duration\": 0.0, \"watch_ratio\": null, \"is_click\": 0, \"is_like\": 0, \"is_share\": 0}",2026-05-03T11:44:07.041+07:00
"{\"event_time\": \"2022-04-22 03:15:06.155\", \"user_id\": 970, \"video_id\": 294810, \"watch_time\": 0.0, \"duration\": 44.533, \"watch_ratio\": 0.0, \"is_click\": 0, \"is_like\": 0, \"is_share\": 0}",2026-05-03T11:44:07.061+07:00
"{\"event_time\": \"2022-04-24 03:17:41.196\", \"user_id\": 462, \"video_id\": 48876, \"watch_time\": 7.953, \"duration\": 0.0, \"watch_ratio\": null, \"is_click\": 1, \"is_like\": 1, \"is_share\": 0}",2026-05-03T11:44:07.092+07:00
"{\"event_time\": \"2022-05-05 08:16:32.897\", \"user_id\": 797, \"video_id\": 1727799, \"watch_time\": 1.971, \"duration\": 27.694, \"watch_ratio\": 0.0712, \"is_click\": 0, \"is_like\": 0, \"is_share\": 0}",2026-05-03T11:44:07.154+07:00
"{\"event_time\": \"2022-04-30 13:52:07.645\", \"user_id\": 261, \"video_id\": 2116999, \"watch_time\": 0.0, \"duration\": 12.466, \"watch_ratio\": 0.0, \"is_click\": 1, \"is_like\": 0, \"is_share\": 0}",2026-05-03T11:44:07.196+07:00
"{\"event_time\": \"2022-04-23 15:47:23.259\", \"user_id\": 36, \"video_id\": 1516221, \"watch_time\": 0.0, \"duration\": 11.5, \"watch_ratio\": 0.0, \"is_click\": 0, \"is_like\": 0, \"is_share\": 0}",2026-05-03T11:44:07.217+07:00
"{\"event_time\": \"2022-05-07 08:07:56.120\", \"user_id\": 476, \"video_id\": 2463680, \"watch_time\": 2.012, \"duration\": 276.96, \"watch_ratio\": 0.0073, \"is_click\": 0, \"is_like\": 0, \"is_share\": 0}",2026-05-03T11:44:07.227+07:00
"{\"event_time\": \"2022-05-01 09:24:03.951\", \"user_id\": 516, \"video_id\": 3182652, \"watch_time\": 135.855, \"duration\": 138.5, \"watch_ratio\": 0.9809, \"is_click\": 1, \"is_like\": 0, \"is_share\": 0}",2026-05-03T11:44:07.248+07:00
"{\"event_time\": \"2022-05-08 05:46:33.884\", \"user_id\": 963, \"video_id\": 2283768, \"watch_time\": 11.956, \"duration\": 38.733, \"watch_ratio\": 0.3087, \"is_click\": 1, \"is_like\": 0, \"is_share\": 0}",2026-05-03T11:44:07.279+07:00
"{\"event_time\": \"2022-04-30 15:07:19.951\", \"user_id\": 942, \"video_id\": 4123778, \"watch_time\": 4.047, \"duration\": 72.333, \"watch_ratio\": 0.0559, \"is_click\": 0, \"is_like\": 0, \"is_share\": 0}",2026-05-03T11:44:07.341+07:00
"{\"event_time\": \"2022-04-22 11:46:24.786\", \"user_id\": 140, \"video_id\": 2114711, \"watch_time\": 0.0, \"duration\": 6.05, \"watch_ratio\": 0.0, \"is_click\": 0, \"is_like\": 0, \"is_share\": 0}",2026-05-03T11:44:07.383+07:00
"{\"event_time\": \"2022-04-23 07:34:33.744\", \"user_id\": 909, \"video_id\": 1693966, \"watch_time\": 0.609, \"duration\": 11.2, \"watch_ratio\": 0.0544, \"is_click\": 0, \"is_like\": 0, \"is_share\": 0}",2026-05-03T11:44:07.393+07:00
"{\"event_time\": \"2022-04-23 08:04:15.577\", \"user_id\": 718, \"video_id\": 1304344, \"watch_time\": 13.711, \"duration\": 12.833, \"watch_ratio\": 1.0, \"is_click\": 1, \"is_like\": 0, \"is_share\": 0}",2026-05-03T11:44:07.445+07:00
"{\"event_time\": \"2022-05-03 17:04:35.932\", \"user_id\": 975, \"video_id\": 538114, \"watch_time\": 7.096, \"duration\": 0.0, \"watch_ratio\": null, \"is_click\": 1, \"is_like\": 0, \"is_share\": 0}",2026-05-03T11:44:07.455+07:00
"{\"event_time\": \"2022-05-05 13:19:21.647\", \"user_id\": 324, \"video_id\": 3666923, \"watch_time\": 41.963, \"duration\": 113.533, \"watch_ratio\": 0.3696, \"is_click\": 1, \"is_like\": 0, \"is_share\": 0}",2026-05-03T11:44:07.549+07:00
"{\"event_time\": \"2022-05-03 00:28:08.219\", \"user_id\": 179, \"video_id\": 3231110, \"watch_time\": 12.447, \"duration\": 11.48, \"watch_ratio\": 1.0, \"is_click\": 1, \"is_like\": 0, \"is_share\": 0}",2026-05-03T11:44:07.570+07:00
"{\"event_time\": \"2022-05-04 15:12:14.423\", \"user_id\": 68, \"video_id\": 2655009, \"watch_time\": 2.682, \"duration\": 84.76, \"watch_ratio\": 0.0316, \"is_click\": 0, \"is_like\": 0, \"is_share\": 0}",2026-05-03T11:44:07.591+07:00
"{\"event_time\": \"2022-04-24 13:14:24.917\", \"user_id\": 310, \"video_id\": 213979, \"watch_time\": 1.67, \"duration\": 141.954, \"watch_ratio\": 0.0118, \"is_click\": 0, \"is_like\": 0, \"is_share\": 0}",2026-05-03T11:44:07.602+07:00
"{\"event_time\": \"2022-05-05 10:44:04.283\", \"user_id\": 358, \"video_id\": 1441443, \"watch_time\": 10.787, \"duration\": 8.933, \"watch_ratio\": 1.0, \"is_click\": 1, \"is_like\": 0, \"is_share\": 0}",2026-05-03T11:44:07.634+07:00
"{\"event_time\": \"2022-05-08 04:31:58.099\", \"user_id\": 937, \"video_id\": 1700883, \"watch_time\": 11.045, \"duration\": 44.86, \"watch_ratio\": 0.2462, \"is_click\": 1, \"is_like\": 0, \"is_share\": 0}",2026-05-03T11:44:07.644+07:00
"{\"event_time\": \"2022-05-08 04:42:33.005\", \"user_id\": 732, \"video_id\": 2909866, \"watch_time\": 1.705, \"duration\": 14.766, \"watch_ratio\": 0.1155, \"is_click\": 0, \"is_like\": 0, \"is_share\": 0}",2026-05-03T11:44:07.665+07:00
"{\"event_time\": \"2022-04-28 15:31:35.100\", \"user_id\": 893, \"video_id\": 3339322, \"watch_time\": 7.294, \"duration\": 9.092, \"watch_ratio\": 0.8022, \"is_click\": 1, \"is_like\": 0, \"is_share\": 0}",2026-05-03T11:44:07.728+07:00
"{\"event_time\": \"2022-04-22 14:38:49.601\", \"user_id\": 851, \"video_id\": 1800605, \"watch_time\": 1.6, \"duration\": 29.333, \"watch_ratio\": 0.0545, \"is_click\": 0, \"is_like\": 0, \"is_share\": 0}",2026-05-03T11:44:07.739+07:00
"{\"event_time\": \"2022-05-07 03:44:39.978\", \"user_id\": 605, \"video_id\": 2366843, \"watch_time\": 15.761, \"duration\": 65.0, \"watch_ratio\": 0.2425, \"is_click\": 1, \"is_like\": 0, \"is_share\": 0}",2026-05-03T11:44:07.759+07:00
"{\"event_time\": \"2022-04-25 09:09:24.046\", \"user_id\": 379, \"video_id\": 3945377, \"watch_time\": 0.0, \"duration\": 0.0, \"watch_ratio\": null, \"is_click\": 0, \"is_like\": 0, \"is_share\": 0}",2026-05-03T11:44:07.791+07:00
"{\"event_time\": \"2022-04-28 19:15:48.741\", \"user_id\": 858, \"video_id\": 2748904, \"watch_time\": 1.372, \"duration\": 16.166, \"watch_ratio\": 0.0849, \"is_click\": 0, \"is_like\": 0, \"is_share\": 0}",2026-05-03T11:44:07.873+07:00
"{\"event_time\": \"2022-05-03 10:25:43.075\", \"user_id\": 547, \"video_id\": 3503789, \"watch_time\": 1.621, \"duration\": 15.6, \"watch_ratio\": 0.1039, \"is_click\": 0, \"is_like\": 0, \"is_share\": 0}",2026-05-03T11:44:07.904+07:00
"{\"event_time\": \"2022-05-04 09:21:21.070\", \"user_id\": 173, \"video_id\": 1181059, \"watch_time\": 3.197, \"duration\": 11.3, \"watch_ratio\": 0.2829, \"is_click\": 0, \"is_like\": 0, \"is_share\": 0}",2026-05-03T11:44:07.935+07:00
"{\"event_time\": \"2022-05-05 05:15:59.800\", \"user_id\": 750, \"video_id\": 3101780, \"watch_time\": 2.34, \"duration\": 0.0, \"watch_ratio\": null, \"is_click\": 0, \"is_like\": 0, \"is_share\": 0}",2026-05-03T11:44:07.987+07:00
"{\"event_time\": \"2022-05-04 04:52:52.586\", \"user_id\": 655, \"video_id\": 2234372, \"watch_time\": 1.509, \"duration\": 62.4, \"watch_ratio\": 0.0242, \"is_click\": 0, \"is_like\": 0, \"is_share\": 0}",2026-05-03T11:44:08.028+07:00
"{\"event_time\": \"2022-05-05 12:11:01.507\", \"user_id\": 840, \"video_id\": 2706779, \"watch_time\": 1.401, \"duration\": 8.033, \"watch_ratio\": 0.1744, \"is_click\": 0, \"is_like\": 0, \"is_share\": 0}",2026-05-03T11:44:08.039+07:00
"{\"event_time\": \"2022-04-30 11:10:00.083\", \"user_id\": 413, \"video_id\": 3397458, \"watch_time\": 0.0, \"duration\": 27.866, \"watch_ratio\": 0.0, \"is_click\": 0, \"is_like\": 0, \"is_share\": 0}",2026-05-03T11:44:08.049+07:00
"{\"event_time\": \"2022-04-27 05:12:27.869\", \"user_id\": 781, \"video_id\": 3388296, \"watch_time\": 0.0, \"duration\": 25.2, \"watch_ratio\": 0.0, \"is_click\": 0, \"is_like\": 0, \"is_share\": 0}",2026-05-03T11:44:08.059+07:00
"{\"event_time\": \"2022-05-06 16:59:34.843\", \"user_id\": 640, \"video_id\": 3473593, \"watch_time\": 0.938, \"duration\": 24.733, \"watch_ratio\": 0.0379, \"is_click\": 1, \"is_like\": 0, \"is_share\": 0}",2026-05-03T11:44:08.070+07:00
"{\"event_time\": \"2022-05-05 16:05:46.060\", \"user_id\": 342, \"video_id\": 60950, \"watch_time\": 65.908, \"duration\": 64.12, \"watch_ratio\": 1.0, \"is_click\": 1, \"is_like\": 0, \"is_share\": 0}",2026-05-03T11:44:08.090+07:00
"{\"event_time\": \"2022-04-22 00:28:18.362\", \"user_id\": 787, \"video_id\": 2611737, \"watch_time\": 0.0, \"duration\": 29.994, \"watch_ratio\": 0.0, \"is_click\": 0, \"is_like\": 0, \"is_share\": 0}",2026-05-03T11:44:08.101+07:00
"{\"event_time\": \"2022-04-25 22:13:39.349\", \"user_id\": 148, \"video_id\": 1442977, \"watch_time\": 64.612, \"duration\": 148.6, \"watch_ratio\": 0.4348, \"is_click\": 1, \"is_like\": 0, \"is_share\": 0}",2026-05-03T11:44:08.111+07:00
"{\"event_time\": \"2022-04-22 17:57:39.564\", \"user_id\": 151, \"video_id\": 3980728, \"watch_time\": 18.966, \"duration\": 0.0, \"watch_ratio\": null, \"is_click\": 1, \"is_like\": 0, \"is_share\": 0}",2026-05-03T11:44:08.121+07:00
"{\"event_time\": \"2022-04-28 02:45:14.807\", \"user_id\": 208, \"video_id\": 472723, \"watch_time\": 43.293, \"duration\": 12.7, \"watch_ratio\": 1.0, \"is_click\": 1, \"is_like\": 0, \"is_share\": 0}",2026-05-03T11:44:08.132+07:00
"{\"event_time\": \"2022-04-29 07:55:04.396\", \"user_id\": 518, \"video_id\": 59640, \"watch_time\": 1.382, \"duration\": 184.32, \"watch_ratio\": 0.0075, \"is_click\": 0, \"is_like\": 0, \"is_share\": 0}",2026-05-03T11:44:08.173+07:00
"{\"event_time\": \"2022-04-30 08:55:07.679\", \"user_id\": 978, \"video_id\": 4363288, \"watch_time\": 0.0, \"duration\": 97.291, \"watch_ratio\": 0.0, \"is_click\": 0, \"is_like\": 0, \"is_share\": 0}",2026-05-03T11:44:08.194+07:00
"{\"event_time\": \"2022-05-02 18:52:57.054\", \"user_id\": 325, \"video_id\": 1689640, \"watch_time\": 61.275, \"duration\": 59.85, \"watch_ratio\": 1.0, \"is_click\": 1, \"is_like\": 0, \"is_share\": 0}",2026-05-03T11:44:08.204+07:00
"{\"event_time\": \"2022-04-22 00:47:35.443\", \"user_id\": 787, \"video_id\": 3541091, \"watch_time\": 0.0, \"duration\": 60.003, \"watch_ratio\": 0.0, \"is_click\": 0, \"is_like\": 0, \"is_share\": 0}",2026-05-03T11:44:08.225+07:00
"{\"event_time\": \"2022-05-03 17:01:00.744\", \"user_id\": 73, \"video_id\": 220478, \"watch_time\": 4.697, \"duration\": 22.2, \"watch_ratio\": 0.2116, \"is_click\": 0, \"is_like\": 0, \"is_share\": 0}",2026-05-03T11:44:08.235+07:00
"{\"event_time\": \"2022-05-02 05:01:33.879\", \"user_id\": 410, \"video_id\": 553446, \"watch_time\": 23.938, \"duration\": 47.433, \"watch_ratio\": 0.5047, \"is_click\": 1, \"is_like\": 0, \"is_share\": 0}",2026-05-03T11:44:08.246+07:00
"{\"event_time\": \"2022-05-01 14:58:41.793\", \"user_id\": 261, \"video_id\": 823316, \"watch_time\": 0.0, \"duration\": 177.7, \"watch_ratio\": 0.0, \"is_click\": 0, \"is_like\": 0, \"is_share\": 0}",2026-05-03T11:44:08.328+07:00
"{\"event_time\": \"2022-05-07 13:24:14.083\", \"user_id\": 538, \"video_id\": 270543, \"watch_time\": 9.903, \"duration\": 10.166, \"watch_ratio\": 0.9741, \"is_click\": 1, \"is_like\": 1, \"is_share\": 0}",2026-05-03T11:44:08.370+07:00
"{\"event_time\": \"2022-04-27 13:06:28.551\", \"user_id\": 554, \"video_id\": 3821871, \"watch_time\": 0.535, \"duration\": 71.6, \"watch_ratio\": 0.0075, \"is_click\": 0, \"is_like\": 0, \"is_share\": 0}",2026-05-03T11:44:08.411+07:00
"{\"event_time\": \"2022-05-08 12:57:53.681\", \"user_id\": 725, \"video_id\": 338272, \"watch_time\": 1.809, \"duration\": 7.033, \"watch_ratio\": 0.2572, \"is_click\": 0, \"is_like\": 0, \"is_share\": 0}",2026-05-03T11:44:08.442+07:00
"{\"event_time\": \"2022-05-08 03:42:50.749\", \"user_id\": 81, \"video_id\": 3553438, \"watch_time\": 0.0, \"duration\": 115.233, \"watch_ratio\": 0.0, \"is_click\": 0, \"is_like\": 0, \"is_share\": 0}",2026-05-03T11:44:08.475+07:00
"{\"event_time\": \"2022-05-04 12:25:12.304\", \"user_id\": 878, \"video_id\": 3230509, \"watch_time\": 5.686, \"duration\": 8.8, \"watch_ratio\": 0.6461, \"is_click\": 0, \"is_like\": 0, \"is_share\": 0}",2026-05-03T11:44:08.549+07:00
"{\"event_time\": \"2022-04-23 12:58:30.704\", \"user_id\": 180, \"video_id\": 937228, \"watch_time\": 4.398, \"duration\": 0.0, \"watch_ratio\": null, \"is_click\": 0, \"is_like\": 0, \"is_share\": 0}",2026-05-03T11:44:08.560+07:00
"{\"event_time\": \"2022-05-03 03:07:02.580\", \"user_id\": 458, \"video_id\": 2668179, \"watch_time\": 10.743, \"duration\": 259.3, \"watch_ratio\": 0.0414, \"is_click\": 1, \"is_like\": 0, \"is_share\": 0}",2026-05-03T11:44:08.654+07:00
"{\"event_time\": \"2022-05-06 12:17:19.037\", \"user_id\": 100, \"video_id\": 1532833, \"watch_time\": 0.0, \"duration\": 42.533, \"watch_ratio\": 0.0, \"is_click\": 0, \"is_like\": 0, \"is_share\": 0}",2026-05-03T11:44:08.695+07:00
"{\"event_time\": \"2022-04-27 22:49:53.249\", \"user_id\": 430, \"video_id\": 2703070, \"watch_time\": 1.605, \"duration\": 18.2, \"watch_ratio\": 0.0882, \"is_click\": 0, \"is_like\": 0, \"is_share\": 0}",2026-05-03T11:44:08.706+07:00
"{\"event_time\": \"2022-05-05 11:51:43.294\", \"user_id\": 658, \"video_id\": 288345, \"watch_time\": 108.813, \"duration\": 14.9, \"watch_ratio\": 1.0, \"is_click\": 0, \"is_like\": 0, \"is_share\": 0}",2026-05-03T11:44:08.716+07:00
"{\"event_time\": \"2022-05-04 08:06:41.913\", \"user_id\": 26, \"video_id\": 1176973, \"watch_time\": 6.962, \"duration\": 8.366, \"watch_ratio\": 0.8322, \"is_click\": 0, \"is_like\": 0, \"is_share\": 0}",2026-05-03T11:44:08.748+07:00
"{\"event_time\": \"2022-04-28 00:14:32.521\", \"user_id\": 348, \"video_id\": 840606, \"watch_time\": 1.858, \"duration\": 156.466, \"watch_ratio\": 0.0119, \"is_click\": 0, \"is_like\": 0, \"is_share\": 0}",2026-05-03T11:44:08.779+07:00
"{\"event_time\": \"2022-04-27 12:33:41.738\", \"user_id\": 513, \"video_id\": 2818564, \"watch_time\": 0.0, \"duration\": 52.816, \"watch_ratio\": 0.0, \"is_click\": 0, \"is_like\": 0, \"is_share\": 0}",2026-05-03T11:44:08.799+07:00
"{\"event_time\": \"2022-05-03 09:53:41.540\", \"user_id\": 542, \"video_id\": 82647, \"watch_time\": 9.355, \"duration\": 345.433, \"watch_ratio\": 0.0271, \"is_click\": 1, \"is_like\": 0, \"is_share\": 0}",2026-05-03T11:44:08.809+07:00
"{\"event_time\": \"2022-04-23 11:34:58.506\", \"user_id\": 464, \"video_id\": 4318511, \"watch_time\": 1.743, \"duration\": 13.16, \"watch_ratio\": 0.1324, \"is_click\": 0, \"is_like\": 0, \"is_share\": 0}",2026-05-03T11:44:08.820+07:00
"{\"event_time\": \"2022-05-04 09:18:42.784\", \"user_id\": 418, \"video_id\": 2899950, \"watch_time\": 0.786, \"duration\": 32.966, \"watch_ratio\": 0.0238, \"is_click\": 0, \"is_like\": 0, \"is_share\": 0}",2026-05-03T11:44:08.851+07:00
"{\"event_time\": \"2022-05-04 04:32:30.442\", \"user_id\": 408, \"video_id\": 3881851, \"watch_time\": 43.99, \"duration\": 0.0, \"watch_ratio\": null, \"is_click\": 1, \"is_like\": 0, \"is_share\": 0}",2026-05-03T11:44:08.933+07:00
"{\"event_time\": \"2022-04-22 11:33:04.716\", \"user_id\": 633, \"video_id\": 1365210, \"watch_time\": 60.967, \"duration\": 66.583, \"watch_ratio\": 0.9157, \"is_click\": 1, \"is_like\": 0, \"is_share\": 0}",2026-05-03T11:44:08.964+07:00
"{\"event_time\": \"2022-04-29 23:42:15.436\", \"user_id\": 205, \"video_id\": 498265, \"watch_time\": 0.0, \"duration\": 0.0, \"watch_ratio\": null, \"is_click\": 0, \"is_like\": 0, \"is_share\": 0}",2026-05-03T11:44:08.985+07:00
"{\"event_time\": \"2022-05-04 10:07:18.192\", \"user_id\": 232, \"video_id\": 2094632, \"watch_time\": 13.554, \"duration\": 12.616, \"watch_ratio\": 1.0, \"is_click\": 1, \"is_like\": 0, \"is_share\": 0}",2026-05-03T11:44:08.995+07:00
"{\"event_time\": \"2022-05-04 05:53:38.488\", \"user_id\": 974, \"video_id\": 4109016, \"watch_time\": 0.0, \"duration\": 82.233, \"watch_ratio\": 0.0, \"is_click\": 0, \"is_like\": 0, \"is_share\": 0}",2026-05-03T11:44:09.016+07:00
"{\"event_time\": \"2022-04-28 04:00:15.224\", \"user_id\": 283, \"video_id\": 3324420, \"watch_time\": 2.577, \"duration\": 9.4, \"watch_ratio\": 0.2741, \"is_click\": 0, \"is_like\": 0, \"is_share\": 0}",2026-05-03T11:44:09.047+07:00
"{\"event_time\": \"2022-05-01 09:58:35.206\", \"user_id\": 837, \"video_id\": 893170, \"watch_time\": 2.761, \"duration\": 182.9, \"watch_ratio\": 0.0151, \"is_click\": 0, \"is_like\": 0, \"is_share\": 0}",2026-05-03T11:44:09.089+07:00
"{\"event_time\": \"2022-05-03 03:15:49.004\", \"user_id\": 859, \"video_id\": 3156668, \"watch_time\": 6.709, \"duration\": 228.483, \"watch_ratio\": 0.0294, \"is_click\": 0, \"is_like\": 0, \"is_share\": 0}",2026-05-03T11:44:09.151+07:00
"{\"event_time\": \"2022-04-23 13:43:39.624\", \"user_id\": 649, \"video_id\": 503885, \"watch_time\": 2.215, \"duration\": 135.766, \"watch_ratio\": 0.0163, \"is_click\": 0, \"is_like\": 0, \"is_share\": 0}",2026-05-03T11:44:09.161+07:00
"{\"event_time\": \"2022-05-03 09:15:10.257\", \"user_id\": 674, \"video_id\": 1855698, \"watch_time\": 1.512, \"duration\": 17.183, \"watch_ratio\": 0.088, \"is_click\": 0, \"is_like\": 0, \"is_share\": 0}",2026-05-03T11:44:09.192+07:00
"{\"event_time\": \"2022-04-25 02:08:41.053\", \"user_id\": 299, \"video_id\": 665646, \"watch_time\": 31.367, \"duration\": 97.7, \"watch_ratio\": 0.3211, \"is_click\": 1, \"is_like\": 0, \"is_share\": 0}",2026-05-03T11:44:09.233+07:00
"{\"event_time\": \"2022-05-08 13:14:32.332\", \"user_id\": 82, \"video_id\": 2281057, \"watch_time\": 2.344, \"duration\": 0.0, \"watch_ratio\": null, \"is_click\": 0, \"is_like\": 0, \"is_share\": 0}",2026-05-03T11:44:09.254+07:00
"{\"event_time\": \"2022-05-06 14:34:28.680\", \"user_id\": 187, \"video_id\": 432940, \"watch_time\": 1.913, \"duration\": 415.633, \"watch_ratio\": 0.0046, \"is_click\": 0, \"is_like\": 0, \"is_share\": 0}",2026-05-03T11:44:09.264+07:00
"{\"event_time\": \"2022-05-08 08:57:58.783\", \"user_id\": 21, \"video_id\": 3515015, \"watch_time\": 1.027, \"duration\": 7.977, \"watch_ratio\": 0.1287, \"is_click\": 0, \"is_like\": 0, \"is_share\": 0}",2026-05-03T11:44:09.275+07:00
"{\"event_time\": \"2022-05-05 06:56:13.494\", \"user_id\": 410, \"video_id\": 2656232, \"watch_time\": 1.468, \"duration\": 300.1, \"watch_ratio\": 0.0049, \"is_click\": 0, \"is_like\": 0, \"is_share\": 0}",2026-05-03T11:44:09.285+07:00
"{\"event_time\": \"2022-05-03 23:39:20.352\", \"user_id\": 281, \"video_id\": 4232813, \"watch_time\": 8.084, \"duration\": 12.35, \"watch_ratio\": 0.6546, \"is_click\": 1, \"is_like\": 0, \"is_share\": 0}",2026-05-03T11:44:09.316+07:00
"{\"event_time\": \"2022-04-27 06:38:16.843\", \"user_id\": 871, \"video_id\": 2694737, \"watch_time\": 3.298, \"duration\": 14.4, \"watch_ratio\": 0.229, \"is_click\": 0, \"is_like\": 0, \"is_share\": 0}",2026-05-03T11:44:09.327+07:00
"{\"event_time\": \"2022-04-25 10:05:49.061\", \"user_id\": 575, \"video_id\": 301089, \"watch_time\": 72.339, \"duration\": 71.066, \"watch_ratio\": 1.0, \"is_click\": 1, \"is_like\": 0, \"is_share\": 0}",2026-05-03T11:44:09.337+07:00
"{\"event_time\": \"2022-04-29 10:12:28.209\", \"user_id\": 959, \"video_id\": 4036730, \"watch_time\": 1.902, \"duration\": 7.7, \"watch_ratio\": 0.247, \"is_click\": 0, \"is_like\": 0, \"is_share\": 0}",2026-05-03T11:44:09.400+07:00
"{\"event_time\": \"2022-04-22 16:24:17.462\", \"user_id\": 554, \"video_id\": 3788359, \"watch_time\": 13.309, \"duration\": 740.466, \"watch_ratio\": 0.018, \"is_click\": 1, \"is_like\": 0, \"is_share\": 0}",2026-05-03T11:44:09.451+07:00
"{\"event_time\": \"2022-05-05 12:53:33.441\", \"user_id\": 736, \"video_id\": 2973941, \"watch_time\": 1.777, \"duration\": 7.291, \"watch_ratio\": 0.2437, \"is_click\": 1, \"is_like\": 0, \"is_share\": 0}",2026-05-03T11:44:09.503+07:00
"{\"event_time\": \"2022-05-01 14:35:57.681\", \"user_id\": 88, \"video_id\": 1571095, \"watch_time\": 4.227, \"duration\": 82.332, \"watch_ratio\": 0.0513, \"is_click\": 0, \"is_like\": 0, \"is_share\": 0}",2026-05-03T11:44:09.513+07:00
"{\"event_time\": \"2022-04-28 17:13:38.905\", \"user_id\": 507, \"video_id\": 1988760, \"watch_time\": 0.0, \"duration\": 394.2, \"watch_ratio\": 0.0, \"is_click\": 0, \"is_like\": 0, \"is_share\": 0}",2026-05-03T11:44:09.534+07:00
"{\"event_time\": \"2022-04-27 09:37:57.390\", \"user_id\": 19, \"video_id\": 2687232, \"watch_time\": 0.0, \"duration\": 0.0, \"watch_ratio\": null, \"is_click\": 0, \"is_like\": 0, \"is_share\": 0}",2026-05-03T11:44:09.554+07:00
"{\"event_time\": \"2022-04-29 16:52:58.683\", \"user_id\": 664, \"video_id\": 3389671, \"watch_time\": 0.0, \"duration\": 9.0, \"watch_ratio\": 0.0, \"is_click\": 0, \"is_like\": 0, \"is_share\": 0}",2026-05-03T11:44:09.627+07:00
"{\"event_time\": \"2022-04-29 05:06:56.391\", \"user_id\": 704, \"video_id\": 2213480, \"watch_time\": 11.686, \"duration\": 11.077, \"watch_ratio\": 1.0, \"is_click\": 1, \"is_like\": 0, \"is_share\": 0}",2026-05-03T11:44:09.690+07:00
"{\"event_time\": \"2022-05-04 18:19:42.457\", \"user_id\": 324, \"video_id\": 2217745, \"watch_time\": 0.0, \"duration\": 131.483, \"watch_ratio\": 0.0, \"is_click\": 0, \"is_like\": 0, \"is_share\": 0}",2026-05-03T11:44:09.733+07:00
"{\"event_time\": \"2022-04-25 10:39:10.238\", \"user_id\": 269, \"video_id\": 2700504, \"watch_time\": 53.111, \"duration\": 56.833, \"watch_ratio\": 0.9345, \"is_click\": 1, \"is_like\": 0, \"is_share\": 0}",2026-05-03T11:44:09.744+07:00
"{\"event_time\": \"2022-04-27 12:31:52.412\", \"user_id\": 2, \"video_id\": 2976933, \"watch_time\": 27.62, \"duration\": 14.033, \"watch_ratio\": 1.0, \"is_click\": 1, \"is_like\": 0, \"is_share\": 0}",2026-05-03T11:44:09.754+07:00
"{\"event_time\": \"2022-05-03 11:39:25.705\", \"user_id\": 627, \"video_id\": 1686520, \"watch_time\": 1.258, \"duration\": 10.3, \"watch_ratio\": 0.1221, \"is_click\": 0, \"is_like\": 0, \"is_share\": 0}",2026-05-03T11:45:02.592+07:00
"{\"event_time\": \"2022-04-27 13:08:48.777\", \"user_id\": 118, \"video_id\": 423236, \"watch_time\": 7.415, \"duration\": 156.2, \"watch_ratio\": 0.0475, \"is_click\": 1, \"is_like\": 0, \"is_share\": 0}",2026-05-03T11:45:02.602+07:00
"{\"event_time\": \"2022-04-22 03:02:10.713\", \"user_id\": 917, \"video_id\": 360112, \"watch_time\": 1.957, \"duration\": 293.68, \"watch_ratio\": 0.0067, \"is_click\": 0, \"is_like\": 0, \"is_share\": 0}",2026-05-03T11:45:02.674+07:00
"{\"event_time\": \"2022-05-05 15:38:56.413\", \"user_id\": 716, \"video_id\": 3425915, \"watch_time\": 1.383, \"duration\": 8.0, \"watch_ratio\": 0.1729, \"is_click\": 0, \"is_like\": 0, \"is_share\": 0}",2026-05-03T11:45:02.695+07:00
"{\"event_time\": \"2022-05-01 13:20:06.272\", \"user_id\": 996, \"video_id\": 2070442, \"watch_time\": 1.081, \"duration\": 53.0, \"watch_ratio\": 0.0204, \"is_click\": 0, \"is_like\": 0, \"is_share\": 0}",2026-05-03T11:45:02.705+07:00
"{\"event_time\": \"2022-05-02 07:06:39.065\", \"user_id\": 539, \"video_id\": 1092124, \"watch_time\": 21.737, \"duration\": 30.833, \"watch_ratio\": 0.705, \"is_click\": 1, \"is_like\": 0, \"is_share\": 0}",2026-05-03T11:45:02.715+07:00
"{\"event_time\": \"2022-05-07 06:03:26.745\", \"user_id\": 736, \"video_id\": 363927, \"watch_time\": 8.48, \"duration\": 7.266, \"watch_ratio\": 1.0, \"is_click\": 1, \"is_like\": 0, \"is_share\": 0}",2026-05-03T11:45:02.777+07:00
"{\"event_time\": \"2022-04-30 23:59:15.078\", \"user_id\": 187, \"video_id\": 393728, \"watch_time\": 10.84, \"duration\": 11.133, \"watch_ratio\": 0.9737, \"is_click\": 1, \"is_like\": 0, \"is_share\": 0}",2026-05-03T11:45:02.788+07:00
"{\"event_time\": \"2022-05-01 02:15:39.569\", \"user_id\": 104, \"video_id\": 4276215, \"watch_time\": 0.0, \"duration\": 198.2, \"watch_ratio\": 0.0, \"is_click\": 0, \"is_like\": 0, \"is_share\": 0}",2026-05-03T11:45:02.830+07:00
"{\"event_time\": \"2022-05-05 23:51:00.833\", \"user_id\": 571, \"video_id\": 2736121, \"watch_time\": 80.34, \"duration\": 186.866, \"watch_ratio\": 0.4299, \"is_click\": 1, \"is_like\": 0, \"is_share\": 0}",2026-05-03T11:45:02.851+07:00
"{\"event_time\": \"2022-04-23 21:52:36.440\", \"user_id\": 925, \"video_id\": 2080591, \"watch_time\": 7.273, \"duration\": 8.931, \"watch_ratio\": 0.8144, \"is_click\": 1, \"is_like\": 0, \"is_share\": 0}",2026-05-03T11:45:02.903+07:00
"{\"event_time\": \"2022-05-08 12:08:13.464\", \"user_id\": 904, \"video_id\": 233800, \"watch_time\": 12.902, \"duration\": 11.2, \"watch_ratio\": 1.0, \"is_click\": 1, \"is_like\": 0, \"is_share\": 0}",2026-05-03T11:45:02.924+07:00
"{\"event_time\": \"2022-05-05 06:17:10.738\", \"user_id\": 352, \"video_id\": 2233272, \"watch_time\": 0.0, \"duration\": 15.2, \"watch_ratio\": 0.0, \"is_click\": 0, \"is_like\": 0, \"is_share\": 0}",2026-05-03T11:45:02.935+07:00
"{\"event_time\": \"2022-05-04 22:38:56.535\", \"user_id\": 580, \"video_id\": 1837595, \"watch_time\": 2.768, \"duration\": 99.56, \"watch_ratio\": 0.0278, \"is_click\": 0, \"is_like\": 0, \"is_share\": 0}",2026-05-03T11:45:02.945+07:00
"{\"event_time\": \"2022-05-03 09:03:21.564\", \"user_id\": 999, \"video_id\": 37556, \"watch_time\": 6.827, \"duration\": 94.2, \"watch_ratio\": 0.0725, \"is_click\": 0, \"is_like\": 0, \"is_share\": 0}",2026-05-03T11:45:02.956+07:00
"{\"event_time\": \"2022-04-28 07:07:12.903\", \"user_id\": 265, \"video_id\": 349009, \"watch_time\": 1.585, \"duration\": 10.958, \"watch_ratio\": 0.1446, \"is_click\": 0, \"is_like\": 0, \"is_share\": 0}",2026-05-03T11:45:02.988+07:00
"{\"event_time\": \"2022-04-23 03:54:54.729\", \"user_id\": 797, \"video_id\": 1723307, \"watch_time\": 1.295, \"duration\": 249.817, \"watch_ratio\": 0.0052, \"is_click\": 0, \"is_like\": 0, \"is_share\": 0}",2026-05-03T11:45:03.019+07:00
"{\"event_time\": \"2022-05-06 09:52:16.727\", \"user_id\": 997, \"video_id\": 3039004, \"watch_time\": 5.609, \"duration\": 72.0, \"watch_ratio\": 0.0779, \"is_click\": 0, \"is_like\": 0, \"is_share\": 0}",2026-05-03T11:45:03.030+07:00
"{\"event_time\": \"2022-04-23 22:20:22.395\", \"user_id\": 567, \"video_id\": 1500846, \"watch_time\": 0.0, \"duration\": 41.833, \"watch_ratio\": 0.0, \"is_click\": 0, \"is_like\": 0, \"is_share\": 0}",2026-05-03T11:45:03.072+07:00
"{\"event_time\": \"2022-04-22 14:39:20.563\", \"user_id\": 492, \"video_id\": 2866756, \"watch_time\": 57.081, \"duration\": 43.5, \"watch_ratio\": 1.0, \"is_click\": 1, \"is_like\": 0, \"is_share\": 0}",2026-05-03T11:45:03.124+07:00
"{\"event_time\": \"2022-05-05 19:30:18.105\", \"user_id\": 954, \"video_id\": 4174300, \"watch_time\": 1.3, \"duration\": 22.566, \"watch_ratio\": 0.0576, \"is_click\": 0, \"is_like\": 0, \"is_share\": 0}",2026-05-03T11:45:03.135+07:00
"{\"event_time\": \"2022-04-27 08:22:32.718\", \"user_id\": 599, \"video_id\": 1226754, \"watch_time\": 0.0, \"duration\": 70.033, \"watch_ratio\": 0.0, \"is_click\": 0, \"is_like\": 0, \"is_share\": 0}",2026-05-03T11:45:03.177+07:00
"{\"event_time\": \"2022-05-03 11:40:56.229\", \"user_id\": 981, \"video_id\": 995895, \"watch_time\": 1.195, \"duration\": 6.066, \"watch_ratio\": 0.197, \"is_click\": 0, \"is_like\": 0, \"is_share\": 0}",2026-05-03T11:45:03.209+07:00
"{\"event_time\": \"2022-04-30 02:27:39.235\", \"user_id\": 13, \"video_id\": 1284339, \"watch_time\": 7.42, \"duration\": 148.414, \"watch_ratio\": 0.05, \"is_click\": 1, \"is_like\": 0, \"is_share\": 0}",2026-05-03T11:45:03.251+07:00
"{\"event_time\": \"2022-05-01 19:02:48.465\", \"user_id\": 447, \"video_id\": 488789, \"watch_time\": 0.0, \"duration\": 101.383, \"watch_ratio\": 0.0, \"is_click\": 0, \"is_like\": 0, \"is_share\": 0}",2026-05-03T11:45:03.261+07:00
"{\"event_time\": \"2022-05-02 08:55:42.354\", \"user_id\": 875, \"video_id\": 1123643, \"watch_time\": 4.614, \"duration\": 44.866, \"watch_ratio\": 0.1028, \"is_click\": 0, \"is_like\": 0, \"is_share\": 0}",2026-05-03T11:45:03.272+07:00
"{\"event_time\": \"2022-04-27 17:35:34.819\", \"user_id\": 549, \"video_id\": 1115374, \"watch_time\": 14.903, \"duration\": 19.133, \"watch_ratio\": 0.7789, \"is_click\": 1, \"is_like\": 0, \"is_share\": 0}",2026-05-03T11:45:03.293+07:00
"{\"event_time\": \"2022-04-24 08:08:16.394\", \"user_id\": 445, \"video_id\": 2185665, \"watch_time\": 16.232, \"duration\": 8.133, \"watch_ratio\": 1.0, \"is_click\": 1, \"is_like\": 0, \"is_share\": 0}",2026-05-03T11:45:03.314+07:00
"{\"event_time\": \"2022-05-01 05:34:49.458\", \"user_id\": 561, \"video_id\": 3166122, \"watch_time\": 7.482, \"duration\": 8.47, \"watch_ratio\": 0.8834, \"is_click\": 1, \"is_like\": 0, \"is_share\": 0}",2026-05-03T11:45:03.335+07:00
"{\"event_time\": \"2022-04-28 11:43:05.554\", \"user_id\": 382, \"video_id\": 1468862, \"watch_time\": 0.259, \"duration\": 12.0, \"watch_ratio\": 0.0216, \"is_click\": 0, \"is_like\": 0, \"is_share\": 0}",2026-05-03T11:45:03.399+07:00
"{\"event_time\": \"2022-04-29 09:27:02.807\", \"user_id\": 684, \"video_id\": 1459425, \"watch_time\": 5.621, \"duration\": 123.6, \"watch_ratio\": 0.0455, \"is_click\": 0, \"is_like\": 0, \"is_share\": 0}",2026-05-03T11:45:03.420+07:00
"{\"event_time\": \"2022-04-22 05:26:31.895\", \"user_id\": 790, \"video_id\": 1150114, \"watch_time\": 105.285, \"duration\": 11.0, \"watch_ratio\": 1.0, \"is_click\": 1, \"is_like\": 0, \"is_share\": 0}",2026-05-03T11:45:03.442+07:00
"{\"event_time\": \"2022-04-24 01:02:12.716\", \"user_id\": 911, \"video_id\": 780807, \"watch_time\": 1.132, \"duration\": 15.041, \"watch_ratio\": 0.0753, \"is_click\": 0, \"is_like\": 0, \"is_share\": 0}",2026-05-03T11:45:03.452+07:00
"{\"event_time\": \"2022-05-02 08:34:11.500\", \"user_id\": 930, \"video_id\": 2678698, \"watch_time\": 3.668, \"duration\": 218.84, \"watch_ratio\": 0.0168, \"is_click\": 0, \"is_like\": 0, \"is_share\": 0}",2026-05-03T11:45:03.516+07:00
"{\"event_time\": \"2022-05-02 16:51:00.909\", \"user_id\": 190, \"video_id\": 3868580, \"watch_time\": 17.979, \"duration\": 6.1, \"watch_ratio\": 1.0, \"is_click\": 1, \"is_like\": 0, \"is_share\": 0}",2026-05-03T11:45:03.527+07:00
"{\"event_time\": \"2022-05-08 03:31:28.119\", \"user_id\": 962, \"video_id\": 2734095, \"watch_time\": 0.0, \"duration\": 239.1, \"watch_ratio\": 0.0, \"is_click\": 0, \"is_like\": 0, \"is_share\": 0}",2026-05-03T11:45:03.537+07:00
"{\"event_time\": \"2022-05-01 04:01:12.017\", \"user_id\": 998, \"video_id\": 144560, \"watch_time\": 0.775, \"duration\": 78.633, \"watch_ratio\": 0.0099, \"is_click\": 0, \"is_like\": 0, \"is_share\": 0}",2026-05-03T11:45:03.548+07:00
"{\"event_time\": \"2022-05-02 06:22:17.808\", \"user_id\": 829, \"video_id\": 1354570, \"watch_time\": 0.0, \"duration\": 18.344, \"watch_ratio\": 0.0, \"is_click\": 0, \"is_like\": 0, \"is_share\": 0}",2026-05-03T11:45:03.559+07:00
"{\"event_time\": \"2022-05-04 14:08:36.681\", \"user_id\": 652, \"video_id\": 2287172, \"watch_time\": 23.022, \"duration\": 21.68, \"watch_ratio\": 1.0, \"is_click\": 1, \"is_like\": 0, \"is_share\": 0}",2026-05-03T11:45:03.601+07:00
"{\"event_time\": \"2022-04-23 03:37:01.608\", \"user_id\": 799, \"video_id\": 270543, \"watch_time\": 3.051, \"duration\": 10.166, \"watch_ratio\": 0.3001, \"is_click\": 0, \"is_like\": 0, \"is_share\": 0}",2026-05-03T11:45:03.644+07:00
"{\"event_time\": \"2022-05-06 20:41:11.882\", \"user_id\": 617, \"video_id\": 1101375, \"watch_time\": 0.0, \"duration\": 66.833, \"watch_ratio\": 0.0, \"is_click\": 0, \"is_like\": 0, \"is_share\": 0}",2026-05-03T11:45:03.686+07:00
"{\"event_time\": \"2022-04-25 11:49:40.532\", \"user_id\": 68, \"video_id\": 669362, \"watch_time\": 6.224, \"duration\": 0.0, \"watch_ratio\": null, \"is_click\": 0, \"is_like\": 0, \"is_share\": 0}",2026-05-03T11:45:03.739+07:00
"{\"event_time\": \"2022-04-26 10:50:22.545\", \"user_id\": 527, \"video_id\": 2818245, \"watch_time\": 2.251, \"duration\": 85.48, \"watch_ratio\": 0.0263, \"is_click\": 0, \"is_like\": 0, \"is_share\": 0}",2026-05-03T11:45:03.760+07:00
"{\"event_time\": \"2022-04-26 03:09:18.884\", \"user_id\": 49, \"video_id\": 1121826, \"watch_time\": 5.664, \"duration\": 354.12, \"watch_ratio\": 0.016, \"is_click\": 0, \"is_like\": 0, \"is_share\": 0}",2026-05-03T11:45:03.782+07:00
"{\"event_time\": \"2022-04-26 18:35:36.427\", \"user_id\": 894, \"video_id\": 3789303, \"watch_time\": 40.555, \"duration\": 230.56, \"watch_ratio\": 0.1759, \"is_click\": 1, \"is_like\": 0, \"is_share\": 0}",2026-05-03T11:45:03.792+07:00
"{\"event_time\": \"2022-05-04 14:14:01.861\", \"user_id\": 941, \"video_id\": 1988056, \"watch_time\": 180.71, \"duration\": 177.166, \"watch_ratio\": 1.0, \"is_click\": 1, \"is_like\": 0, \"is_share\": 0}",2026-05-03T11:45:03.803+07:00
"{\"event_time\": \"2022-04-30 22:16:42.456\", \"user_id\": 619, \"video_id\": 2688014, \"watch_time\": 27.469, \"duration\": 0.0, \"watch_ratio\": null, \"is_click\": 1, \"is_like\": 1, \"is_share\": 1}",2026-05-03T11:45:03.899+07:00
"{\"event_time\": \"2022-04-24 10:04:41.564\", \"user_id\": 996, \"video_id\": 1099279, \"watch_time\": 4.092, \"duration\": 136.7, \"watch_ratio\": 0.0299, \"is_click\": 0, \"is_like\": 0, \"is_share\": 0}",2026-05-03T11:45:03.920+07:00
"{\"event_time\": \"2022-04-27 03:57:39.370\", \"user_id\": 447, \"video_id\": 891526, \"watch_time\": 0.0, \"duration\": 0.0, \"watch_ratio\": null, \"is_click\": 0, \"is_like\": 0, \"is_share\": 0}",2026-05-03T11:45:03.941+07:00
"{\"event_time\": \"2022-05-03 07:54:53.593\", \"user_id\": 490, \"video_id\": 660322, \"watch_time\": 4.582, \"duration\": 226.666, \"watch_ratio\": 0.0202, \"is_click\": 0, \"is_like\": 0, \"is_share\": 0}",2026-05-03T11:45:03.962+07:00
"{\"event_time\": \"2022-05-07 06:54:21.661\", \"user_id\": 128, \"video_id\": 411898, \"watch_time\": 0.0, \"duration\": 286.966, \"watch_ratio\": 0.0, \"is_click\": 0, \"is_like\": 0, \"is_share\": 0}",2026-05-03T11:45:03.973+07:00
"{\"event_time\": \"2022-04-27 11:37:43.115\", \"user_id\": 322, \"video_id\": 2902161, \"watch_time\": 20.104, \"duration\": 77.4, \"watch_ratio\": 0.2597, \"is_click\": 1, \"is_like\": 0, \"is_share\": 0}",2026-05-03T11:45:04.090+07:00
"{\"event_time\": \"2022-05-02 23:28:39.469\", \"user_id\": 927, \"video_id\": 3004245, \"watch_time\": 22.017, \"duration\": 0.0, \"watch_ratio\": null, \"is_click\": 1, \"is_like\": 0, \"is_share\": 0}",2026-05-03T11:45:04.100+07:00
"{\"event_time\": \"2022-05-04 15:26:00.267\", \"user_id\": 54, \"video_id\": 4296555, \"watch_time\": 9.897, \"duration\": 145.133, \"watch_ratio\": 0.0682, \"is_click\": 1, \"is_like\": 0, \"is_share\": 0}",2026-05-03T11:45:04.154+07:00
"{\"event_time\": \"2022-04-28 21:53:49.998\", \"user_id\": 656, \"video_id\": 739574, \"watch_time\": 11.986, \"duration\": 107.533, \"watch_ratio\": 0.1115, \"is_click\": 1, \"is_like\": 0, \"is_share\": 0}",2026-05-03T11:45:04.206+07:00
"{\"event_time\": \"2022-05-05 06:12:25.868\", \"user_id\": 6, \"video_id\": 3332215, \"watch_time\": 4.063, \"duration\": 72.1, \"watch_ratio\": 0.0564, \"is_click\": 0, \"is_like\": 0, \"is_share\": 0}",2026-05-03T11:45:04.228+07:00
"{\"event_time\": \"2022-04-25 11:35:30.810\", \"user_id\": 15, \"video_id\": 2510866, \"watch_time\": 0.0, \"duration\": 14.95, \"watch_ratio\": 0.0, \"is_click\": 0, \"is_like\": 0, \"is_share\": 0}",2026-05-03T11:45:04.306+07:00
"{\"event_time\": \"2022-05-03 11:07:59.918\", \"user_id\": 462, \"video_id\": 3469906, \"watch_time\": 51.556, \"duration\": 63.666, \"watch_ratio\": 0.8098, \"is_click\": 1, \"is_like\": 1, \"is_share\": 0}",2026-05-03T11:45:04.339+07:00
"{\"event_time\": \"2022-04-27 08:17:18.960\", \"user_id\": 372, \"video_id\": 2581414, \"watch_time\": 14.564, \"duration\": 16.1, \"watch_ratio\": 0.9046, \"is_click\": 1, \"is_like\": 0, \"is_share\": 0}",2026-05-03T11:45:04.435+07:00
"{\"event_time\": \"2022-05-04 12:51:34.656\", \"user_id\": 412, \"video_id\": 3341217, \"watch_time\": 0.0, \"duration\": 10.733, \"watch_ratio\": 0.0, \"is_click\": 0, \"is_like\": 0, \"is_share\": 0}",2026-05-03T11:45:04.459+07:00
"{\"event_time\": \"2022-04-29 12:47:20.288\", \"user_id\": 671, \"video_id\": 3374032, \"watch_time\": 2.711, \"duration\": 4.766, \"watch_ratio\": 0.5688, \"is_click\": 0, \"is_like\": 0, \"is_share\": 0}",2026-05-03T11:45:04.613+07:00
"{\"event_time\": \"2022-05-03 10:35:50.559\", \"user_id\": 317, \"video_id\": 4002455, \"watch_time\": 60.501, \"duration\": 53.7, \"watch_ratio\": 1.0, \"is_click\": 1, \"is_like\": 0, \"is_share\": 0}",2026-05-03T11:45:04.644+07:00
"{\"event_time\": \"2022-04-28 04:23:07.444\", \"user_id\": 94, \"video_id\": 1073163, \"watch_time\": 3.797, \"duration\": 0.0, \"watch_ratio\": null, \"is_click\": 0, \"is_like\": 0, \"is_share\": 0}",2026-05-03T11:45:04.665+07:00
"{\"event_time\": \"2022-04-25 14:55:36.643\", \"user_id\": 127, \"video_id\": 2954411, \"watch_time\": 0.0, \"duration\": 58.158, \"watch_ratio\": 0.0, \"is_click\": 0, \"is_like\": 0, \"is_share\": 0}",2026-05-03T11:45:04.676+07:00
"{\"event_time\": \"2022-04-26 09:20:45.621\", \"user_id\": 15, \"video_id\": 689849, \"watch_time\": 0.0, \"duration\": 12.6, \"watch_ratio\": 0.0, \"is_click\": 0, \"is_like\": 0, \"is_share\": 0}",2026-05-03T11:45:04.687+07:00
"{\"event_time\": \"2022-05-02 09:32:53.686\", \"user_id\": 205, \"video_id\": 1130971, \"watch_time\": 0.0, \"duration\": 7.7, \"watch_ratio\": 0.0, \"is_click\": 0, \"is_like\": 0, \"is_share\": 0}",2026-05-03T11:45:04.697+07:00
"{\"event_time\": \"2022-04-27 11:15:02.320\", \"user_id\": 395, \"video_id\": 1077145, \"watch_time\": 44.66, \"duration\": 148.0, \"watch_ratio\": 0.3018, \"is_click\": 1, \"is_like\": 0, \"is_share\": 0}",2026-05-03T11:45:04.718+07:00
"{\"event_time\": \"2022-05-04 10:46:50.622\", \"user_id\": 216, \"video_id\": 3713209, \"watch_time\": 25.533, \"duration\": 78.386, \"watch_ratio\": 0.3257, \"is_click\": 1, \"is_like\": 0, \"is_share\": 0}",2026-05-03T11:45:04.740+07:00
"{\"event_time\": \"2022-04-30 08:17:25.490\", \"user_id\": 66, \"video_id\": 1555499, \"watch_time\": 1.297, \"duration\": 295.85, \"watch_ratio\": 0.0044, \"is_click\": 0, \"is_like\": 0, \"is_share\": 0}",2026-05-03T11:45:04.750+07:00
"{\"event_time\": \"2022-05-02 14:00:14.412\", \"user_id\": 540, \"video_id\": 3529618, \"watch_time\": 0.0, \"duration\": 11.866, \"watch_ratio\": 0.0, \"is_click\": 0, \"is_like\": 0, \"is_share\": 0}",2026-05-03T11:45:04.782+07:00
"{\"event_time\": \"2022-05-04 04:01:51.241\", \"user_id\": 47, \"video_id\": 3455356, \"watch_time\": 2.634, \"duration\": 35.666, \"watch_ratio\": 0.0739, \"is_click\": 0, \"is_like\": 0, \"is_share\": 0}",2026-05-03T11:45:04.793+07:00
"{\"event_time\": \"2022-04-30 01:55:54.444\", \"user_id\": 27, \"video_id\": 606938, \"watch_time\": 9.994, \"duration\": 151.516, \"watch_ratio\": 0.066, \"is_click\": 1, \"is_like\": 0, \"is_share\": 0}",2026-05-03T11:45:04.803+07:00
"{\"event_time\": \"2022-04-29 09:41:35.086\", \"user_id\": 976, \"video_id\": 503094, \"watch_time\": 1.533, \"duration\": 190.791, \"watch_ratio\": 0.008, \"is_click\": 0, \"is_like\": 0, \"is_share\": 0}",2026-05-03T11:45:04.814+07:00
"{\"event_time\": \"2022-04-30 12:15:42.288\", \"user_id\": 347, \"video_id\": 1590566, \"watch_time\": 4.267, \"duration\": 340.166, \"watch_ratio\": 0.0125, \"is_click\": 0, \"is_like\": 0, \"is_share\": 0}",2026-05-03T11:45:04.846+07:00
"{\"event_time\": \"2022-05-04 14:45:59.848\", \"user_id\": 734, \"video_id\": 353655, \"watch_time\": 2.089, \"duration\": 35.375, \"watch_ratio\": 0.0591, \"is_click\": 0, \"is_like\": 0, \"is_share\": 0}",2026-05-03T11:45:04.867+07:00
"{\"event_time\": \"2022-05-08 04:20:07.303\", \"user_id\": 71, \"video_id\": 323087, \"watch_time\": 4.947, \"duration\": 181.233, \"watch_ratio\": 0.0273, \"is_click\": 0, \"is_like\": 0, \"is_share\": 0}",2026-05-03T11:45:04.923+07:00
"{\"event_time\": \"2022-05-08 10:43:56.733\", \"user_id\": 893, \"video_id\": 3742720, \"watch_time\": 0.594, \"duration\": 7.9, \"watch_ratio\": 0.0752, \"is_click\": 0, \"is_like\": 0, \"is_share\": 0}",2026-05-03T11:45:04.957+07:00
"{\"event_time\": \"2022-04-23 01:37:34.631\", \"user_id\": 862, \"video_id\": 3727179, \"watch_time\": 8.149, \"duration\": 9.175, \"watch_ratio\": 0.8882, \"is_click\": 1, \"is_like\": 0, \"is_share\": 0}",2026-05-03T11:45:04.990+07:00
"{\"event_time\": \"2022-04-30 07:57:41.796\", \"user_id\": 472, \"video_id\": 4069534, \"watch_time\": 12.321, \"duration\": 11.52, \"watch_ratio\": 1.0, \"is_click\": 1, \"is_like\": 0, \"is_share\": 0}",2026-05-03T11:45:05.001+07:00
"{\"event_time\": \"2022-04-24 22:34:42.761\", \"user_id\": 605, \"video_id\": 3732842, \"watch_time\": 1.2, \"duration\": 108.05, \"watch_ratio\": 0.0111, \"is_click\": 0, \"is_like\": 0, \"is_share\": 0}",2026-05-03T11:45:05.026+07:00
"{\"event_time\": \"2022-05-06 09:03:28.415\", \"user_id\": 75, \"video_id\": 3751326, \"watch_time\": 0.0, \"duration\": 28.0, \"watch_ratio\": 0.0, \"is_click\": 0, \"is_like\": 0, \"is_share\": 0}",2026-05-03T11:45:05.058+07:00
"{\"event_time\": \"2022-05-05 16:26:01.985\", \"user_id\": 553, \"video_id\": 923976, \"watch_time\": 0.0, \"duration\": 104.133, \"watch_ratio\": 0.0, \"is_click\": 0, \"is_like\": 0, \"is_share\": 0}",2026-05-03T11:45:05.073+07:00
"{\"event_time\": \"2022-04-24 01:26:59.518\", \"user_id\": 109, \"video_id\": 1680138, \"watch_time\": 1.088, \"duration\": 0.0, \"watch_ratio\": null, \"is_click\": 0, \"is_like\": 0, \"is_share\": 0}",2026-05-03T11:45:05.106+07:00
"{\"event_time\": \"2022-04-22 03:15:06.155\", \"user_id\": 970, \"video_id\": 294810, \"watch_time\": 0.0, \"duration\": 44.533, \"watch_ratio\": 0.0, \"is_click\": 0, \"is_like\": 0, \"is_share\": 0}",2026-05-03T11:45:05.127+07:00
"{\"event_time\": \"2022-04-24 03:17:41.196\", \"user_id\": 462, \"video_id\": 48876, \"watch_time\": 7.953, \"duration\": 0.0, \"watch_ratio\": null, \"is_click\": 1, \"is_like\": 1, \"is_share\": 0}",2026-05-03T11:45:05.160+07:00
"{\"event_time\": \"2022-05-05 08:16:32.897\", \"user_id\": 797, \"video_id\": 1727799, \"watch_time\": 1.971, \"duration\": 27.694, \"watch_ratio\": 0.0712, \"is_click\": 0, \"is_like\": 0, \"is_share\": 0}",2026-05-03T11:45:05.227+07:00
"{\"event_time\": \"2022-04-30 13:52:07.645\", \"user_id\": 261, \"video_id\": 2116999, \"watch_time\": 0.0, \"duration\": 12.466, \"watch_ratio\": 0.0, \"is_click\": 1, \"is_like\": 0, \"is_share\": 0}",2026-05-03T11:45:05.273+07:00
"{\"event_time\": \"2022-04-23 15:47:23.259\", \"user_id\": 36, \"video_id\": 1516221, \"watch_time\": 0.0, \"duration\": 11.5, \"watch_ratio\": 0.0, \"is_click\": 0, \"is_like\": 0, \"is_share\": 0}",2026-05-03T11:45:05.295+07:00
"{\"event_time\": \"2022-05-07 08:07:56.120\", \"user_id\": 476, \"video_id\": 2463680, \"watch_time\": 2.012, \"duration\": 276.96, \"watch_ratio\": 0.0073, \"is_click\": 0, \"is_like\": 0, \"is_share\": 0}",2026-05-03T11:45:05.306+07:00
"{\"event_time\": \"2022-05-01 09:24:03.951\", \"user_id\": 516, \"video_id\": 3182652, \"watch_time\": 135.855, \"duration\": 138.5, \"watch_ratio\": 0.9809, \"is_click\": 1, \"is_like\": 0, \"is_share\": 0}",2026-05-03T11:45:05.327+07:00
"{\"event_time\": \"2022-05-08 05:46:33.884\", \"user_id\": 963, \"video_id\": 2283768, \"watch_time\": 11.956, \"duration\": 38.733, \"watch_ratio\": 0.3087, \"is_click\": 1, \"is_like\": 0, \"is_share\": 0}",2026-05-03T11:45:05.359+07:00
"{\"event_time\": \"2022-04-30 15:07:19.951\", \"user_id\": 942, \"video_id\": 4123778, \"watch_time\": 4.047, \"duration\": 72.333, \"watch_ratio\": 0.0559, \"is_click\": 0, \"is_like\": 0, \"is_share\": 0}",2026-05-03T11:45:05.422+07:00
"{\"event_time\": \"2022-04-22 11:46:24.786\", \"user_id\": 140, \"video_id\": 2114711, \"watch_time\": 0.0, \"duration\": 6.05, \"watch_ratio\": 0.0, \"is_click\": 0, \"is_like\": 0, \"is_share\": 0}",2026-05-03T11:45:05.464+07:00
"{\"event_time\": \"2022-04-23 07:34:33.744\", \"user_id\": 909, \"video_id\": 1693966, \"watch_time\": 0.609, \"duration\": 11.2, \"watch_ratio\": 0.0544, \"is_click\": 0, \"is_like\": 0, \"is_share\": 0}",2026-05-03T11:45:05.475+07:00
"{\"event_time\": \"2022-04-23 08:04:15.577\", \"user_id\": 718, \"video_id\": 1304344, \"watch_time\": 13.711, \"duration\": 12.833, \"watch_ratio\": 1.0, \"is_click\": 1, \"is_like\": 0, \"is_share\": 0}",2026-05-03T11:45:05.528+07:00
"{\"event_time\": \"2022-05-03 17:04:35.932\", \"user_id\": 975, \"video_id\": 538114, \"watch_time\": 7.096, \"duration\": 0.0, \"watch_ratio\": null, \"is_click\": 1, \"is_like\": 0, \"is_share\": 0}",2026-05-03T11:45:05.538+07:00
"{\"event_time\": \"2022-05-05 13:19:21.647\", \"user_id\": 324, \"video_id\": 3666923, \"watch_time\": 41.963, \"duration\": 113.533, \"watch_ratio\": 0.3696, \"is_click\": 1, \"is_like\": 0, \"is_share\": 0}",2026-05-03T11:45:05.632+07:00
"{\"event_time\": \"2022-05-03 00:28:08.219\", \"user_id\": 179, \"video_id\": 3231110, \"watch_time\": 12.447, \"duration\": 11.48, \"watch_ratio\": 1.0, \"is_click\": 1, \"is_like\": 0, \"is_share\": 0}",2026-05-03T11:45:05.652+07:00
"{\"event_time\": \"2022-05-04 15:12:14.423\", \"user_id\": 68, \"video_id\": 2655009, \"watch_time\": 2.682, \"duration\": 84.76, \"watch_ratio\": 0.0316, \"is_click\": 0, \"is_like\": 0, \"is_share\": 0}",2026-05-03T11:45:05.673+07:00
"{\"event_time\": \"2022-04-24 13:14:24.917\", \"user_id\": 310, \"video_id\": 213979, \"watch_time\": 1.67, \"duration\": 141.954, \"watch_ratio\": 0.0118, \"is_click\": 0, \"is_like\": 0, \"is_share\": 0}",2026-05-03T11:45:05.683+07:00
"{\"event_time\": \"2022-05-05 10:44:04.283\", \"user_id\": 358, \"video_id\": 1441443, \"watch_time\": 10.787, \"duration\": 8.933, \"watch_ratio\": 1.0, \"is_click\": 1, \"is_like\": 0, \"is_share\": 0}",2026-05-03T11:45:05.714+07:00
"{\"event_time\": \"2022-05-08 04:31:58.099\", \"user_id\": 937, \"video_id\": 1700883, \"watch_time\": 11.045, \"duration\": 44.86, \"watch_ratio\": 0.2462, \"is_click\": 1, \"is_like\": 0, \"is_share\": 0}",2026-05-03T11:45:05.724+07:00
"{\"event_time\": \"2022-05-08 04:42:33.005\", \"user_id\": 732, \"video_id\": 2909866, \"watch_time\": 1.705, \"duration\": 14.766, \"watch_ratio\": 0.1155, \"is_click\": 0, \"is_like\": 0, \"is_share\": 0}",2026-05-03T11:45:05.745+07:00
"{\"event_time\": \"2022-04-28 15:31:35.100\", \"user_id\": 893, \"video_id\": 3339322, \"watch_time\": 7.294, \"duration\": 9.092, \"watch_ratio\": 0.8022, \"is_click\": 1, \"is_like\": 0, \"is_share\": 0}",2026-05-03T11:45:05.808+07:00
"{\"event_time\": \"2022-04-22 14:38:49.601\", \"user_id\": 851, \"video_id\": 1800605, \"watch_time\": 1.6, \"duration\": 29.333, \"watch_ratio\": 0.0545, \"is_click\": 0, \"is_like\": 0, \"is_share\": 0}",2026-05-03T11:45:05.819+07:00
"{\"event_time\": \"2022-05-07 03:44:39.978\", \"user_id\": 605, \"video_id\": 2366843, \"watch_time\": 15.761, \"duration\": 65.0, \"watch_ratio\": 0.2425, \"is_click\": 1, \"is_like\": 0, \"is_share\": 0}",2026-05-03T11:45:05.840+07:00
"{\"event_time\": \"2022-04-25 09:09:24.046\", \"user_id\": 379, \"video_id\": 3945377, \"watch_time\": 0.0, \"duration\": 0.0, \"watch_ratio\": null, \"is_click\": 0, \"is_like\": 0, \"is_share\": 0}",2026-05-03T11:45:05.871+07:00
"{\"event_time\": \"2022-04-28 19:15:48.741\", \"user_id\": 858, \"video_id\": 2748904, \"watch_time\": 1.372, \"duration\": 16.166, \"watch_ratio\": 0.0849, \"is_click\": 0, \"is_like\": 0, \"is_share\": 0}",2026-05-03T11:45:05.955+07:00
"{\"event_time\": \"2022-05-03 10:25:43.075\", \"user_id\": 547, \"video_id\": 3503789, \"watch_time\": 1.621, \"duration\": 15.6, \"watch_ratio\": 0.1039, \"is_click\": 0, \"is_like\": 0, \"is_share\": 0}",2026-05-03T11:45:05.986+07:00
"{\"event_time\": \"2022-05-04 09:21:21.070\", \"user_id\": 173, \"video_id\": 1181059, \"watch_time\": 3.197, \"duration\": 11.3, \"watch_ratio\": 0.2829, \"is_click\": 0, \"is_like\": 0, \"is_share\": 0}",2026-05-03T11:45:06.017+07:00
"{\"event_time\": \"2022-05-05 05:15:59.800\", \"user_id\": 750, \"video_id\": 3101780, \"watch_time\": 2.34, \"duration\": 0.0, \"watch_ratio\": null, \"is_click\": 0, \"is_like\": 0, \"is_share\": 0}",2026-05-03T11:45:06.069+07:00
"{\"event_time\": \"2022-05-04 04:52:52.586\", \"user_id\": 655, \"video_id\": 2234372, \"watch_time\": 1.509, \"duration\": 62.4, \"watch_ratio\": 0.0242, \"is_click\": 0, \"is_like\": 0, \"is_share\": 0}",2026-05-03T11:45:06.110+07:00
"{\"event_time\": \"2022-05-05 12:11:01.507\", \"user_id\": 840, \"video_id\": 2706779, \"watch_time\": 1.401, \"duration\": 8.033, \"watch_ratio\": 0.1744, \"is_click\": 0, \"is_like\": 0, \"is_share\": 0}",2026-05-03T11:45:06.121+07:00
"{\"event_time\": \"2022-04-30 11:10:00.083\", \"user_id\": 413, \"video_id\": 3397458, \"watch_time\": 0.0, \"duration\": 27.866, \"watch_ratio\": 0.0, \"is_click\": 0, \"is_like\": 0, \"is_share\": 0}",2026-05-03T11:45:06.131+07:00
"{\"event_time\": \"2022-04-27 05:12:27.869\", \"user_id\": 781, \"video_id\": 3388296, \"watch_time\": 0.0, \"duration\": 25.2, \"watch_ratio\": 0.0, \"is_click\": 0, \"is_like\": 0, \"is_share\": 0}",2026-05-03T11:45:06.142+07:00
"{\"event_time\": \"2022-05-06 16:59:34.843\", \"user_id\": 640, \"video_id\": 3473593, \"watch_time\": 0.938, \"duration\": 24.733, \"watch_ratio\": 0.0379, \"is_click\": 1, \"is_like\": 0, \"is_share\": 0}",2026-05-03T11:45:06.152+07:00
"{\"event_time\": \"2022-05-05 16:05:46.060\", \"user_id\": 342, \"video_id\": 60950, \"watch_time\": 65.908, \"duration\": 64.12, \"watch_ratio\": 1.0, \"is_click\": 1, \"is_like\": 0, \"is_share\": 0}",2026-05-03T11:45:06.173+07:00
"{\"event_time\": \"2022-04-22 00:28:18.362\", \"user_id\": 787, \"video_id\": 2611737, \"watch_time\": 0.0, \"duration\": 29.994, \"watch_ratio\": 0.0, \"is_click\": 0, \"is_like\": 0, \"is_share\": 0}",2026-05-03T11:45:06.183+07:00
"{\"event_time\": \"2022-04-25 22:13:39.349\", \"user_id\": 148, \"video_id\": 1442977, \"watch_time\": 64.612, \"duration\": 148.6, \"watch_ratio\": 0.4348, \"is_click\": 1, \"is_like\": 0, \"is_share\": 0}",2026-05-03T11:45:06.194+07:00
"{\"event_time\": \"2022-04-22 17:57:39.564\", \"user_id\": 151, \"video_id\": 3980728, \"watch_time\": 18.966, \"duration\": 0.0, \"watch_ratio\": null, \"is_click\": 1, \"is_like\": 0, \"is_share\": 0}",2026-05-03T11:45:06.204+07:00
"{\"event_time\": \"2022-04-28 02:45:14.807\", \"user_id\": 208, \"video_id\": 472723, \"watch_time\": 43.293, \"duration\": 12.7, \"watch_ratio\": 1.0, \"is_click\": 1, \"is_like\": 0, \"is_share\": 0}",2026-05-03T11:45:06.215+07:00
"{\"event_time\": \"2022-04-29 07:55:04.396\", \"user_id\": 518, \"video_id\": 59640, \"watch_time\": 1.382, \"duration\": 184.32, \"watch_ratio\": 0.0075, \"is_click\": 0, \"is_like\": 0, \"is_share\": 0}",2026-05-03T11:45:06.257+07:00
"{\"event_time\": \"2022-04-30 08:55:07.679\", \"user_id\": 978, \"video_id\": 4363288, \"watch_time\": 0.0, \"duration\": 97.291, \"watch_ratio\": 0.0, \"is_click\": 0, \"is_like\": 0, \"is_share\": 0}",2026-05-03T11:45:06.278+07:00
"{\"event_time\": \"2022-05-02 18:52:57.054\", \"user_id\": 325, \"video_id\": 1689640, \"watch_time\": 61.275, \"duration\": 59.85, \"watch_ratio\": 1.0, \"is_click\": 1, \"is_like\": 0, \"is_share\": 0}",2026-05-03T11:45:06.288+07:00
"{\"event_time\": \"2022-04-22 00:47:35.443\", \"user_id\": 787, \"video_id\": 3541091, \"watch_time\": 0.0, \"duration\": 60.003, \"watch_ratio\": 0.0, \"is_click\": 0, \"is_like\": 0, \"is_share\": 0}",2026-05-03T11:45:06.309+07:00
"{\"event_time\": \"2022-05-03 17:01:00.744\", \"user_id\": 73, \"video_id\": 220478, \"watch_time\": 4.697, \"duration\": 22.2, \"watch_ratio\": 0.2116, \"is_click\": 0, \"is_like\": 0, \"is_share\": 0}",2026-05-03T11:45:06.320+07:00
"{\"event_time\": \"2022-05-02 05:01:33.879\", \"user_id\": 410, \"video_id\": 553446, \"watch_time\": 23.938, \"duration\": 47.433, \"watch_ratio\": 0.5047, \"is_click\": 1, \"is_like\": 0, \"is_share\": 0}",2026-05-03T11:45:06.331+07:00
"{\"event_time\": \"2022-05-01 14:58:41.793\", \"user_id\": 261, \"video_id\": 823316, \"watch_time\": 0.0, \"duration\": 177.7, \"watch_ratio\": 0.0, \"is_click\": 0, \"is_like\": 0, \"is_share\": 0}",2026-05-03T11:45:06.415+07:00
"{\"event_time\": \"2022-05-07 13:24:14.083\", \"user_id\": 538, \"video_id\": 270543, \"watch_time\": 9.903, \"duration\": 10.166, \"watch_ratio\": 0.9741, \"is_click\": 1, \"is_like\": 1, \"is_share\": 0}",2026-05-03T11:45:06.457+07:00
"{\"event_time\": \"2022-04-27 13:06:28.551\", \"user_id\": 554, \"video_id\": 3821871, \"watch_time\": 0.535, \"duration\": 71.6, \"watch_ratio\": 0.0075, \"is_click\": 0, \"is_like\": 0, \"is_share\": 0}",2026-05-03T11:45:06.499+07:00
"{\"event_time\": \"2022-05-08 12:57:53.681\", \"user_id\": 725, \"video_id\": 338272, \"watch_time\": 1.809, \"duration\": 7.033, \"watch_ratio\": 0.2572, \"is_click\": 0, \"is_like\": 0, \"is_share\": 0}",2026-05-03T11:45:06.531+07:00
"{\"event_time\": \"2022-05-08 03:42:50.749\", \"user_id\": 81, \"video_id\": 3553438, \"watch_time\": 0.0, \"duration\": 115.233, \"watch_ratio\": 0.0, \"is_click\": 0, \"is_like\": 0, \"is_share\": 0}",2026-05-03T11:45:06.565+07:00
"{\"event_time\": \"2022-05-04 12:25:12.304\", \"user_id\": 878, \"video_id\": 3230509, \"watch_time\": 5.686, \"duration\": 8.8, \"watch_ratio\": 0.6461, \"is_click\": 0, \"is_like\": 0, \"is_share\": 0}",2026-05-03T11:45:06.645+07:00
"{\"event_time\": \"2022-04-23 12:58:30.704\", \"user_id\": 180, \"video_id\": 937228, \"watch_time\": 4.398, \"duration\": 0.0, \"watch_ratio\": null, \"is_click\": 0, \"is_like\": 0, \"is_share\": 0}",2026-05-03T11:45:06.658+07:00
"{\"event_time\": \"2022-05-03 03:07:02.580\", \"user_id\": 458, \"video_id\": 2668179, \"watch_time\": 10.743, \"duration\": 259.3, \"watch_ratio\": 0.0414, \"is_click\": 1, \"is_like\": 0, \"is_share\": 0}",2026-05-03T11:45:06.762+07:00
"{\"event_time\": \"2022-05-06 12:17:19.037\", \"user_id\": 100, \"video_id\": 1532833, \"watch_time\": 0.0, \"duration\": 42.533, \"watch_ratio\": 0.0, \"is_click\": 0, \"is_like\": 0, \"is_share\": 0}",2026-05-03T11:45:06.810+07:00
"{\"event_time\": \"2022-04-27 22:49:53.249\", \"user_id\": 430, \"video_id\": 2703070, \"watch_time\": 1.605, \"duration\": 18.2, \"watch_ratio\": 0.0882, \"is_click\": 0, \"is_like\": 0, \"is_share\": 0}",2026-05-03T11:45:06.821+07:00
"{\"event_time\": \"2022-05-05 11:51:43.294\", \"user_id\": 658, \"video_id\": 288345, \"watch_time\": 108.813, \"duration\": 14.9, \"watch_ratio\": 1.0, \"is_click\": 0, \"is_like\": 0, \"is_share\": 0}",2026-05-03T11:45:06.834+07:00
"{\"event_time\": \"2022-05-04 08:06:41.913\", \"user_id\": 26, \"video_id\": 1176973, \"watch_time\": 6.962, \"duration\": 8.366, \"watch_ratio\": 0.8322, \"is_click\": 0, \"is_like\": 0, \"is_share\": 0}",2026-05-03T11:45:06.869+07:00
"{\"event_time\": \"2022-04-28 00:14:32.521\", \"user_id\": 348, \"video_id\": 840606, \"watch_time\": 1.858, \"duration\": 156.466, \"watch_ratio\": 0.0119, \"is_click\": 0, \"is_like\": 0, \"is_share\": 0}",2026-05-03T11:45:06.901+07:00
"{\"event_time\": \"2022-04-27 12:33:41.738\", \"user_id\": 513, \"video_id\": 2818564, \"watch_time\": 0.0, \"duration\": 52.816, \"watch_ratio\": 0.0, \"is_click\": 0, \"is_like\": 0, \"is_share\": 0}",2026-05-03T11:45:06.922+07:00
"{\"event_time\": \"2022-05-03 09:53:41.540\", \"user_id\": 542, \"video_id\": 82647, \"watch_time\": 9.355, \"duration\": 345.433, \"watch_ratio\": 0.0271, \"is_click\": 1, \"is_like\": 0, \"is_share\": 0}",2026-05-03T11:45:06.933+07:00
"{\"event_time\": \"2022-04-23 11:34:58.506\", \"user_id\": 464, \"video_id\": 4318511, \"watch_time\": 1.743, \"duration\": 13.16, \"watch_ratio\": 0.1324, \"is_click\": 0, \"is_like\": 0, \"is_share\": 0}",2026-05-03T11:45:06.943+07:00
"{\"event_time\": \"2022-05-04 09:18:42.784\", \"user_id\": 418, \"video_id\": 2899950, \"watch_time\": 0.786, \"duration\": 32.966, \"watch_ratio\": 0.0238, \"is_click\": 0, \"is_like\": 0, \"is_share\": 0}",2026-05-03T11:45:06.975+07:00
"{\"event_time\": \"2022-05-04 04:32:30.442\", \"user_id\": 408, \"video_id\": 3881851, \"watch_time\": 43.99, \"duration\": 0.0, \"watch_ratio\": null, \"is_click\": 1, \"is_like\": 0, \"is_share\": 0}",2026-05-03T11:45:07.060+07:00
"{\"event_time\": \"2022-04-22 11:33:04.716\", \"user_id\": 633, \"video_id\": 1365210, \"watch_time\": 60.967, \"duration\": 66.583, \"watch_ratio\": 0.9157, \"is_click\": 1, \"is_like\": 0, \"is_share\": 0}",2026-05-03T11:45:07.094+07:00
"{\"event_time\": \"2022-04-29 23:42:15.436\", \"user_id\": 205, \"video_id\": 498265, \"watch_time\": 0.0, \"duration\": 0.0, \"watch_ratio\": null, \"is_click\": 0, \"is_like\": 0, \"is_share\": 0}",2026-05-03T11:45:07.115+07:00
"{\"event_time\": \"2022-05-04 10:07:18.192\", \"user_id\": 232, \"video_id\": 2094632, \"watch_time\": 13.554, \"duration\": 12.616, \"watch_ratio\": 1.0, \"is_click\": 1, \"is_like\": 0, \"is_share\": 0}",2026-05-03T11:45:07.126+07:00
"{\"event_time\": \"2022-05-04 05:53:38.488\", \"user_id\": 974, \"video_id\": 4109016, \"watch_time\": 0.0, \"duration\": 82.233, \"watch_ratio\": 0.0, \"is_click\": 0, \"is_like\": 0, \"is_share\": 0}",2026-05-03T11:45:07.147+07:00
"{\"event_time\": \"2022-04-28 04:00:15.224\", \"user_id\": 283, \"video_id\": 3324420, \"watch_time\": 2.577, \"duration\": 9.4, \"watch_ratio\": 0.2741, \"is_click\": 0, \"is_like\": 0, \"is_share\": 0}",2026-05-03T11:45:07.179+07:00
"{\"event_time\": \"2022-05-01 09:58:35.206\", \"user_id\": 837, \"video_id\": 893170, \"watch_time\": 2.761, \"duration\": 182.9, \"watch_ratio\": 0.0151, \"is_click\": 0, \"is_like\": 0, \"is_share\": 0}",2026-05-03T11:45:07.220+07:00
"{\"event_time\": \"2022-05-03 03:15:49.004\", \"user_id\": 859, \"video_id\": 3156668, \"watch_time\": 6.709, \"duration\": 228.483, \"watch_ratio\": 0.0294, \"is_click\": 0, \"is_like\": 0, \"is_share\": 0}",2026-05-03T11:45:07.283+07:00
"{\"event_time\": \"2022-04-23 13:43:39.624\", \"user_id\": 649, \"video_id\": 503885, \"watch_time\": 2.215, \"duration\": 135.766, \"watch_ratio\": 0.0163, \"is_click\": 0, \"is_like\": 0, \"is_share\": 0}",2026-05-03T11:45:07.293+07:00
"{\"event_time\": \"2022-05-03 09:15:10.257\", \"user_id\": 674, \"video_id\": 1855698, \"watch_time\": 1.512, \"duration\": 17.183, \"watch_ratio\": 0.088, \"is_click\": 0, \"is_like\": 0, \"is_share\": 0}",2026-05-03T11:45:07.324+07:00
"{\"event_time\": \"2022-04-25 02:08:41.053\", \"user_id\": 299, \"video_id\": 665646, \"watch_time\": 31.367, \"duration\": 97.7, \"watch_ratio\": 0.3211, \"is_click\": 1, \"is_like\": 0, \"is_share\": 0}",2026-05-03T11:45:07.366+07:00
"{\"event_time\": \"2022-05-08 13:14:32.332\", \"user_id\": 82, \"video_id\": 2281057, \"watch_time\": 2.344, \"duration\": 0.0, \"watch_ratio\": null, \"is_click\": 0, \"is_like\": 0, \"is_share\": 0}",2026-05-03T11:45:07.387+07:00
"{\"event_time\": \"2022-05-06 14:34:28.680\", \"user_id\": 187, \"video_id\": 432940, \"watch_time\": 1.913, \"duration\": 415.633, \"watch_ratio\": 0.0046, \"is_click\": 0, \"is_like\": 0, \"is_share\": 0}",2026-05-03T11:45:07.397+07:00
"{\"event_time\": \"2022-05-08 08:57:58.783\", \"user_id\": 21, \"video_id\": 3515015, \"watch_time\": 1.027, \"duration\": 7.977, \"watch_ratio\": 0.1287, \"is_click\": 0, \"is_like\": 0, \"is_share\": 0}",2026-05-03T11:45:07.408+07:00
"{\"event_time\": \"2022-05-05 06:56:13.494\", \"user_id\": 410, \"video_id\": 2656232, \"watch_time\": 1.468, \"duration\": 300.1, \"watch_ratio\": 0.0049, \"is_click\": 0, \"is_like\": 0, \"is_share\": 0}",2026-05-03T11:45:07.418+07:00
"{\"event_time\": \"2022-05-03 23:39:20.352\", \"user_id\": 281, \"video_id\": 4232813, \"watch_time\": 8.084, \"duration\": 12.35, \"watch_ratio\": 0.6546, \"is_click\": 1, \"is_like\": 0, \"is_share\": 0}",2026-05-03T11:45:07.450+07:00
"{\"event_time\": \"2022-04-27 06:38:16.843\", \"user_id\": 871, \"video_id\": 2694737, \"watch_time\": 3.298, \"duration\": 14.4, \"watch_ratio\": 0.229, \"is_click\": 0, \"is_like\": 0, \"is_share\": 0}",2026-05-03T11:45:07.460+07:00
"{\"event_time\": \"2022-04-25 10:05:49.061\", \"user_id\": 575, \"video_id\": 301089, \"watch_time\": 72.339, \"duration\": 71.066, \"watch_ratio\": 1.0, \"is_click\": 1, \"is_like\": 0, \"is_share\": 0}",2026-05-03T11:45:07.470+07:00
"{\"event_time\": \"2022-04-29 10:12:28.209\", \"user_id\": 959, \"video_id\": 4036730, \"watch_time\": 1.902, \"duration\": 7.7, \"watch_ratio\": 0.247, \"is_click\": 0, \"is_like\": 0, \"is_share\": 0}",2026-05-03T11:45:07.533+07:00
"{\"event_time\": \"2022-04-22 16:24:17.462\", \"user_id\": 554, \"video_id\": 3788359, \"watch_time\": 13.309, \"duration\": 740.466, \"watch_ratio\": 0.018, \"is_click\": 1, \"is_like\": 0, \"is_share\": 0}",2026-05-03T11:45:07.584+07:00
"{\"event_time\": \"2022-05-05 12:53:33.441\", \"user_id\": 736, \"video_id\": 2973941, \"watch_time\": 1.777, \"duration\": 7.291, \"watch_ratio\": 0.2437, \"is_click\": 1, \"is_like\": 0, \"is_share\": 0}",2026-05-03T11:45:07.636+07:00
"{\"event_time\": \"2022-05-01 14:35:57.681\", \"user_id\": 88, \"video_id\": 1571095, \"watch_time\": 4.227, \"duration\": 82.332, \"watch_ratio\": 0.0513, \"is_click\": 0, \"is_like\": 0, \"is_share\": 0}",2026-05-03T11:45:07.646+07:00
"{\"event_time\": \"2022-04-28 17:13:38.905\", \"user_id\": 507, \"video_id\": 1988760, \"watch_time\": 0.0, \"duration\": 394.2, \"watch_ratio\": 0.0, \"is_click\": 0, \"is_like\": 0, \"is_share\": 0}",2026-05-03T11:45:07.667+07:00
"{\"event_time\": \"2022-04-27 09:37:57.390\", \"user_id\": 19, \"video_id\": 2687232, \"watch_time\": 0.0, \"duration\": 0.0, \"watch_ratio\": null, \"is_click\": 0, \"is_like\": 0, \"is_share\": 0}",2026-05-03T11:45:07.687+07:00
"{\"event_time\": \"2022-04-29 16:52:58.683\", \"user_id\": 664, \"video_id\": 3389671, \"watch_time\": 0.0, \"duration\": 9.0, \"watch_ratio\": 0.0, \"is_click\": 0, \"is_like\": 0, \"is_share\": 0}",2026-05-03T11:45:07.759+07:00
"{\"event_time\": \"2022-04-29 05:06:56.391\", \"user_id\": 704, \"video_id\": 2213480, \"watch_time\": 11.686, \"duration\": 11.077, \"watch_ratio\": 1.0, \"is_click\": 1, \"is_like\": 0, \"is_share\": 0}",2026-05-03T11:45:07.822+07:00
"{\"event_time\": \"2022-05-04 18:19:42.457\", \"user_id\": 324, \"video_id\": 2217745, \"watch_time\": 0.0, \"duration\": 131.483, \"watch_ratio\": 0.0, \"is_click\": 0, \"is_like\": 0, \"is_share\": 0}",2026-05-03T11:45:07.864+07:00
"{\"event_time\": \"2022-04-25 10:39:10.238\", \"user_id\": 269, \"video_id\": 2700504, \"watch_time\": 53.111, \"duration\": 56.833, \"watch_ratio\": 0.9345, \"is_click\": 1, \"is_like\": 0, \"is_share\": 0}",2026-05-03T11:45:07.875+07:00
"{\"event_time\": \"2022-04-27 12:31:52.412\", \"user_id\": 2, \"video_id\": 2976933, \"watch_time\": 27.62, \"duration\": 14.033, \"watch_ratio\": 1.0, \"is_click\": 1, \"is_like\": 0, \"is_share\": 0}",2026-05-03T11:45:07.885+07:00
"{\"event_time\": \"2022-04-22 03:00:31.920\", \"user_id\": 527, \"video_id\": 3359124, \"watch_time\": 8.695, \"duration\": 11.9, \"watch_ratio\": 0.7307, \"is_click\": 1, \"is_like\": 0, \"is_share\": 0}",2026-05-03T11:44:04.640+07:00
"{\"event_time\": \"2022-05-08 08:33:20.661\", \"user_id\": 176, \"video_id\": 742485, \"watch_time\": 0.0, \"duration\": 17.466, \"watch_ratio\": 0.0, \"is_click\": 0, \"is_like\": 0, \"is_share\": 0}",2026-05-03T11:44:04.650+07:00
"{\"event_time\": \"2022-04-25 05:56:06.479\", \"user_id\": 956, \"video_id\": 2283155, \"watch_time\": 5.153, \"duration\": 7.166, \"watch_ratio\": 0.7191, \"is_click\": 0, \"is_like\": 0, \"is_share\": 0}",2026-05-03T11:44:04.682+07:00
"{\"event_time\": \"2022-04-28 09:17:05.005\", \"user_id\": 101, \"video_id\": 2839486, \"watch_time\": 66.014, \"duration\": 59.859, \"watch_ratio\": 1.0, \"is_click\": 1, \"is_like\": 0, \"is_share\": 0}",2026-05-03T11:44:04.703+07:00
"{\"event_time\": \"2022-04-23 17:18:44.449\", \"user_id\": 447, \"video_id\": 1039073, \"watch_time\": 0.0, \"duration\": 17.9, \"watch_ratio\": 0.0, \"is_click\": 0, \"is_like\": 0, \"is_share\": 0}",2026-05-03T11:44:04.744+07:00
"{\"event_time\": \"2022-04-24 18:23:19.239\", \"user_id\": 15, \"video_id\": 4034314, \"watch_time\": 0.0, \"duration\": 85.1, \"watch_ratio\": 0.0, \"is_click\": 0, \"is_like\": 0, \"is_share\": 0}",2026-05-03T11:44:04.755+07:00
"{\"event_time\": \"2022-05-07 05:06:33.737\", \"user_id\": 176, \"video_id\": 2020839, \"watch_time\": 0.0, \"duration\": 0.0, \"watch_ratio\": null, \"is_click\": 0, \"is_like\": 0, \"is_share\": 0}",2026-05-03T11:44:04.775+07:00
"{\"event_time\": \"2022-04-26 09:13:01.740\", \"user_id\": 924, \"video_id\": 2277841, \"watch_time\": 0.0, \"duration\": 98.44, \"watch_ratio\": 0.0, \"is_click\": 0, \"is_like\": 0, \"is_share\": 0}",2026-05-03T11:44:04.786+07:00
"{\"event_time\": \"2022-05-08 08:42:36.228\", \"user_id\": 829, \"video_id\": 1262008, \"watch_time\": 3.196, \"duration\": 344.533, \"watch_ratio\": 0.0093, \"is_click\": 0, \"is_like\": 0, \"is_share\": 0}",2026-05-03T11:44:04.817+07:00
"{\"event_time\": \"2022-04-29 10:23:54.033\", \"user_id\": 834, \"video_id\": 1472164, \"watch_time\": 6.72, \"duration\": 9.9, \"watch_ratio\": 0.6788, \"is_click\": 0, \"is_like\": 0, \"is_share\": 0}",2026-05-03T11:44:04.910+07:00
"{\"event_time\": \"2022-05-01 01:37:33.469\", \"user_id\": 718, \"video_id\": 476157, \"watch_time\": 5.361, \"duration\": 33.833, \"watch_ratio\": 0.1585, \"is_click\": 0, \"is_like\": 0, \"is_share\": 0}",2026-05-03T11:44:04.931+07:00
"{\"event_time\": \"2022-05-06 08:33:03.811\", \"user_id\": 926, \"video_id\": 2808623, \"watch_time\": 2.104, \"duration\": 55.2, \"watch_ratio\": 0.0381, \"is_click\": 0, \"is_like\": 0, \"is_share\": 0}",2026-05-03T11:44:04.982+07:00
"{\"event_time\": \"2022-04-23 23:11:16.370\", \"user_id\": 958, \"video_id\": 2542741, \"watch_time\": 1.321, \"duration\": 30.42, \"watch_ratio\": 0.0434, \"is_click\": 0, \"is_like\": 0, \"is_share\": 0}",2026-05-03T11:44:05.013+07:00
"{\"event_time\": \"2022-04-23 02:10:49.710\", \"user_id\": 68, \"video_id\": 3426006, \"watch_time\": 2.087, \"duration\": 40.716, \"watch_ratio\": 0.0513, \"is_click\": 0, \"is_like\": 0, \"is_share\": 0}",2026-05-03T11:44:05.024+07:00
"{\"event_time\": \"2022-05-01 23:42:14.381\", \"user_id\": 575, \"video_id\": 4059293, \"watch_time\": 6.722, \"duration\": 8.0, \"watch_ratio\": 0.8403, \"is_click\": 0, \"is_like\": 0, \"is_share\": 0}",2026-05-03T11:44:05.055+07:00
"{\"event_time\": \"2022-05-01 04:30:27.406\", \"user_id\": 123, \"video_id\": 850097, \"watch_time\": 24.519, \"duration\": 174.533, \"watch_ratio\": 0.1405, \"is_click\": 1, \"is_like\": 0, \"is_share\": 0}",2026-05-03T11:44:05.075+07:00
"{\"event_time\": \"2022-05-04 14:16:33.040\", \"user_id\": 862, \"video_id\": 354492, \"watch_time\": 0.0, \"duration\": 8.5, \"watch_ratio\": 0.0, \"is_click\": 0, \"is_like\": 0, \"is_share\": 0}",2026-05-03T11:44:05.096+07:00
"{\"event_time\": \"2022-05-08 14:51:39.635\", \"user_id\": 325, \"video_id\": 4304366, \"watch_time\": 5.604, \"duration\": 0.0, \"watch_ratio\": null, \"is_click\": 0, \"is_like\": 0, \"is_share\": 0}",2026-05-03T11:44:05.106+07:00
"{\"event_time\": \"2022-04-24 11:57:51.543\", \"user_id\": 80, \"video_id\": 3077525, \"watch_time\": 9.615, \"duration\": 5.52, \"watch_ratio\": 1.0, \"is_click\": 1, \"is_like\": 0, \"is_share\": 0}",2026-05-03T11:44:05.117+07:00
"{\"event_time\": \"2022-04-27 20:11:33.279\", \"user_id\": 581, \"video_id\": 4156842, \"watch_time\": 84.877, \"duration\": 258.633, \"watch_ratio\": 0.3282, \"is_click\": 1, \"is_like\": 0, \"is_share\": 0}",2026-05-03T11:44:05.127+07:00
"{\"event_time\": \"2022-05-04 01:16:51.706\", \"user_id\": 623, \"video_id\": 3793674, \"watch_time\": 1.308, \"duration\": 64.333, \"watch_ratio\": 0.0203, \"is_click\": 0, \"is_like\": 0, \"is_share\": 0}",2026-05-03T11:44:05.158+07:00
"{\"event_time\": \"2022-04-29 02:30:59.317\", \"user_id\": 793, \"video_id\": 2208580, \"watch_time\": 1.49, \"duration\": 24.933, \"watch_ratio\": 0.0598, \"is_click\": 0, \"is_like\": 0, \"is_share\": 0}",2026-05-03T11:44:05.179+07:00
"{\"event_time\": \"2022-05-06 11:55:52.277\", \"user_id\": 314, \"video_id\": 542099, \"watch_time\": 141.449, \"duration\": 115.431, \"watch_ratio\": 1.0, \"is_click\": 1, \"is_like\": 0, \"is_share\": 0}",2026-05-03T11:44:05.199+07:00
"{\"event_time\": \"2022-05-06 12:51:34.698\", \"user_id\": 249, \"video_id\": 371172, \"watch_time\": 37.534, \"duration\": 7.566, \"watch_ratio\": 1.0, \"is_click\": 1, \"is_like\": 0, \"is_share\": 0}",2026-05-03T11:44:05.210+07:00
"{\"event_time\": \"2022-05-05 02:54:24.877\", \"user_id\": 338, \"video_id\": 4237267, \"watch_time\": 6.007, \"duration\": 8.083, \"watch_ratio\": 0.7432, \"is_click\": 0, \"is_like\": 0, \"is_share\": 0}",2026-05-03T11:44:05.241+07:00
"{\"event_time\": \"2022-05-02 04:28:09.463\", \"user_id\": 542, \"video_id\": 422271, \"watch_time\": 4.284, \"duration\": 15.24, \"watch_ratio\": 0.2811, \"is_click\": 0, \"is_like\": 0, \"is_share\": 0}",2026-05-03T11:44:05.252+07:00
"{\"event_time\": \"2022-04-25 14:29:07.363\", \"user_id\": 997, \"video_id\": 2410571, \"watch_time\": 39.89, \"duration\": 50.166, \"watch_ratio\": 0.7952, \"is_click\": 1, \"is_like\": 0, \"is_share\": 0}",2026-05-03T11:44:05.293+07:00
"{\"event_time\": \"2022-05-04 12:08:23.981\", \"user_id\": 753, \"video_id\": 2592436, \"watch_time\": 70.705, \"duration\": 71.066, \"watch_ratio\": 0.9949, \"is_click\": 1, \"is_like\": 0, \"is_share\": 0}",2026-05-03T11:44:05.334+07:00
"{\"event_time\": \"2022-05-02 14:32:18.218\", \"user_id\": 438, \"video_id\": 1980361, \"watch_time\": 3.087, \"duration\": 101.067, \"watch_ratio\": 0.0305, \"is_click\": 0, \"is_like\": 0, \"is_share\": 0}",2026-05-03T11:44:05.355+07:00
"{\"event_time\": \"2022-05-07 11:47:01.916\", \"user_id\": 761, \"video_id\": 342697, \"watch_time\": 36.636, \"duration\": 39.583, \"watch_ratio\": 0.9255, \"is_click\": 1, \"is_like\": 0, \"is_share\": 0}",2026-05-03T11:44:05.376+07:00
"{\"event_time\": \"2022-04-29 15:21:22.165\", \"user_id\": 455, \"video_id\": 3393590, \"watch_time\": 0.0, \"duration\": 9.75, \"watch_ratio\": 0.0, \"is_click\": 1, \"is_like\": 0, \"is_share\": 0}",2026-05-03T11:44:05.386+07:00
"{\"event_time\": \"2022-04-26 19:04:14.932\", \"user_id\": 638, \"video_id\": 1329761, \"watch_time\": 1.741, \"duration\": 8.2, \"watch_ratio\": 0.2123, \"is_click\": 0, \"is_like\": 0, \"is_share\": 0}",2026-05-03T11:44:05.396+07:00
"{\"event_time\": \"2022-05-07 13:40:41.858\", \"user_id\": 4, \"video_id\": 4033026, \"watch_time\": 6.617, \"duration\": 14.133, \"watch_ratio\": 0.4682, \"is_click\": 0, \"is_like\": 0, \"is_share\": 0}",2026-05-03T11:44:05.417+07:00
"{\"event_time\": \"2022-04-29 06:35:06.417\", \"user_id\": 71, \"video_id\": 2367945, \"watch_time\": 0.0, \"duration\": 0.0, \"watch_ratio\": null, \"is_click\": 0, \"is_like\": 0, \"is_share\": 0}",2026-05-03T11:44:05.490+07:00
"{\"event_time\": \"2022-05-07 05:29:44.299\", \"user_id\": 650, \"video_id\": 2656625, \"watch_time\": 6.306, \"duration\": 10.2, \"watch_ratio\": 0.6182, \"is_click\": 0, \"is_like\": 0, \"is_share\": 0}",2026-05-03T11:44:05.511+07:00
"{\"event_time\": \"2022-05-06 01:55:33.085\", \"user_id\": 68, \"video_id\": 2666739, \"watch_time\": 2.169, \"duration\": 43.551, \"watch_ratio\": 0.0498, \"is_click\": 0, \"is_like\": 0, \"is_share\": 0}",2026-05-03T11:44:05.617+07:00
"{\"event_time\": \"2022-04-30 22:36:03.638\", \"user_id\": 205, \"video_id\": 1274661, \"watch_time\": 22.586, \"duration\": 100.966, \"watch_ratio\": 0.2237, \"is_click\": 1, \"is_like\": 0, \"is_share\": 0}",2026-05-03T11:44:05.670+07:00
"{\"event_time\": \"2022-05-07 06:11:21.024\", \"user_id\": 2, \"video_id\": 205998, \"watch_time\": 5.604, \"duration\": 220.76, \"watch_ratio\": 0.0254, \"is_click\": 0, \"is_like\": 0, \"is_share\": 0}",2026-05-03T11:44:05.681+07:00
"{\"event_time\": \"2022-04-22 03:35:33.389\", \"user_id\": 71, \"video_id\": 4326587, \"watch_time\": 0.0, \"duration\": 11.532, \"watch_ratio\": 0.0, \"is_click\": 0, \"is_like\": 0, \"is_share\": 0}",2026-05-03T11:44:05.722+07:00
"{\"event_time\": \"2022-05-04 09:57:15.080\", \"user_id\": 434, \"video_id\": 99587, \"watch_time\": 3.43, \"duration\": 48.566, \"watch_ratio\": 0.0706, \"is_click\": 0, \"is_like\": 0, \"is_share\": 0}",2026-05-03T11:44:05.732+07:00
"{\"event_time\": \"2022-05-02 22:45:44.301\", \"user_id\": 205, \"video_id\": 4124002, \"watch_time\": 3.248, \"duration\": 0.0, \"watch_ratio\": null, \"is_click\": 0, \"is_like\": 0, \"is_share\": 0}",2026-05-03T11:44:05.774+07:00
"{\"event_time\": \"2022-05-04 08:16:49.209\", \"user_id\": 524, \"video_id\": 3308709, \"watch_time\": 1.947, \"duration\": 60.0, \"watch_ratio\": 0.0324, \"is_click\": 0, \"is_like\": 0, \"is_share\": 0}",2026-05-03T11:44:05.815+07:00
"{\"event_time\": \"2022-05-06 12:14:41.695\", \"user_id\": 707, \"video_id\": 224370, \"watch_time\": 0.0, \"duration\": 109.366, \"watch_ratio\": 0.0, \"is_click\": 0, \"is_like\": 0, \"is_share\": 0}",2026-05-03T11:44:05.826+07:00
"{\"event_time\": \"2022-04-29 10:30:09.612\", \"user_id\": 110, \"video_id\": 4366497, \"watch_time\": 2.819, \"duration\": 12.583, \"watch_ratio\": 0.224, \"is_click\": 1, \"is_like\": 0, \"is_share\": 0}",2026-05-03T11:44:05.846+07:00
"{\"event_time\": \"2022-04-27 06:17:49.404\", \"user_id\": 410, \"video_id\": 1262584, \"watch_time\": 9.577, \"duration\": 64.2, \"watch_ratio\": 0.1492, \"is_click\": 1, \"is_like\": 0, \"is_share\": 0}",2026-05-03T11:44:06.013+07:00
"{\"event_time\": \"2022-04-22 04:26:42.288\", \"user_id\": 525, \"video_id\": 3128101, \"watch_time\": 3.463, \"duration\": 120.68, \"watch_ratio\": 0.0287, \"is_click\": 0, \"is_like\": 0, \"is_share\": 0}",2026-05-03T11:44:06.033+07:00
"{\"event_time\": \"2022-04-29 08:07:59.728\", \"user_id\": 352, \"video_id\": 2193323, \"watch_time\": 2.293, \"duration\": 174.316, \"watch_ratio\": 0.0132, \"is_click\": 0, \"is_like\": 0, \"is_share\": 0}",2026-05-03T11:44:06.054+07:00
"{\"event_time\": \"2022-05-03 14:35:52.597\", \"user_id\": 879, \"video_id\": 3571150, \"watch_time\": 0.374, \"duration\": 300.533, \"watch_ratio\": 0.0012, \"is_click\": 0, \"is_like\": 0, \"is_share\": 0}",2026-05-03T11:44:06.075+07:00
"{\"event_time\": \"2022-04-27 12:08:53.239\", \"user_id\": 986, \"video_id\": 599060, \"watch_time\": 2.008, \"duration\": 117.566, \"watch_ratio\": 0.0171, \"is_click\": 0, \"is_like\": 0, \"is_share\": 0}",2026-05-03T11:44:06.158+07:00
"{\"event_time\": \"2022-05-04 08:30:37.999\", \"user_id\": 534, \"video_id\": 1345773, \"watch_time\": 0.0, \"duration\": 221.233, \"watch_ratio\": 0.0, \"is_click\": 0, \"is_like\": 0, \"is_share\": 0}",2026-05-03T11:44:06.168+07:00
"{\"event_time\": \"2022-04-29 16:41:34.401\", \"user_id\": 951, \"video_id\": 3406540, \"watch_time\": 1.429, \"duration\": 32.933, \"watch_ratio\": 0.0434, \"is_click\": 0, \"is_like\": 0, \"is_share\": 0}",2026-05-03T11:44:06.209+07:00
"{\"event_time\": \"2022-04-23 23:24:29.291\", \"user_id\": 510, \"video_id\": 4350375, \"watch_time\": 0.0, \"duration\": 0.0, \"watch_ratio\": null, \"is_click\": 0, \"is_like\": 0, \"is_share\": 0}",2026-05-03T11:44:06.230+07:00
"{\"event_time\": \"2022-05-08 14:51:58.298\", \"user_id\": 977, \"video_id\": 1232243, \"watch_time\": 1.966, \"duration\": 179.733, \"watch_ratio\": 0.0109, \"is_click\": 0, \"is_like\": 0, \"is_share\": 0}",2026-05-03T11:44:06.240+07:00
"{\"event_time\": \"2022-05-01 02:43:32.039\", \"user_id\": 552, \"video_id\": 2631044, \"watch_time\": 1.685, \"duration\": 25.433, \"watch_ratio\": 0.0663, \"is_click\": 0, \"is_like\": 0, \"is_share\": 0}",2026-05-03T11:44:06.261+07:00
"{\"event_time\": \"2022-04-28 03:35:24.977\", \"user_id\": 972, \"video_id\": 1688890, \"watch_time\": 0.0, \"duration\": 105.633, \"watch_ratio\": 0.0, \"is_click\": 0, \"is_like\": 0, \"is_share\": 0}",2026-05-03T11:44:06.271+07:00
"{\"event_time\": \"2022-04-29 05:14:28.908\", \"user_id\": 418, \"video_id\": 3898661, \"watch_time\": 5.115, \"duration\": 57.557, \"watch_ratio\": 0.0889, \"is_click\": 0, \"is_like\": 0, \"is_share\": 0}",2026-05-03T11:44:06.313+07:00
"{\"event_time\": \"2022-04-22 06:32:01.461\", \"user_id\": 601, \"video_id\": 1899053, \"watch_time\": 14.19, \"duration\": 25.52, \"watch_ratio\": 0.556, \"is_click\": 1, \"is_like\": 0, \"is_share\": 0}",2026-05-03T11:44:06.344+07:00
"{\"event_time\": \"2022-05-05 17:56:33.256\", \"user_id\": 739, \"video_id\": 2793950, \"watch_time\": 3.053, \"duration\": 15.7, \"watch_ratio\": 0.1945, \"is_click\": 0, \"is_like\": 0, \"is_share\": 0}",2026-05-03T11:44:06.354+07:00
"{\"event_time\": \"2022-04-25 03:29:26.954\", \"user_id\": 793, \"video_id\": 1254928, \"watch_time\": 1.218, \"duration\": 87.16, \"watch_ratio\": 0.014, \"is_click\": 0, \"is_like\": 0, \"is_share\": 0}",2026-05-03T11:44:06.364+07:00
"{\"event_time\": \"2022-04-23 09:33:58.815\", \"user_id\": 49, \"video_id\": 3503719, \"watch_time\": 4.868, \"duration\": 134.9, \"watch_ratio\": 0.0361, \"is_click\": 0, \"is_like\": 0, \"is_share\": 0}",2026-05-03T11:44:06.395+07:00
"{\"event_time\": \"2022-05-04 10:19:11.896\", \"user_id\": 635, \"video_id\": 3142547, \"watch_time\": 0.0, \"duration\": 11.933, \"watch_ratio\": 0.0, \"is_click\": 0, \"is_like\": 0, \"is_share\": 0}",2026-05-03T11:44:06.467+07:00
"{\"event_time\": \"2022-04-25 14:45:53.116\", \"user_id\": 583, \"video_id\": 54568, \"watch_time\": 1.116, \"duration\": 15.4, \"watch_ratio\": 0.0725, \"is_click\": 0, \"is_like\": 0, \"is_share\": 0}",2026-05-03T11:44:06.478+07:00
"{\"event_time\": \"2022-04-29 14:35:33.522\", \"user_id\": 769, \"video_id\": 1494469, \"watch_time\": 1.283, \"duration\": 9.133, \"watch_ratio\": 0.1405, \"is_click\": 0, \"is_like\": 0, \"is_share\": 0}",2026-05-03T11:44:06.509+07:00
"{\"event_time\": \"2022-05-01 10:57:00.189\", \"user_id\": 490, \"video_id\": 2307037, \"watch_time\": 17.263, \"duration\": 42.366, \"watch_ratio\": 0.4075, \"is_click\": 1, \"is_like\": 0, \"is_share\": 0}",2026-05-03T11:44:06.519+07:00
"{\"event_time\": \"2022-05-06 09:29:07.980\", \"user_id\": 890, \"video_id\": 668645, \"watch_time\": 16.618, \"duration\": 7.0, \"watch_ratio\": 1.0, \"is_click\": 1, \"is_like\": 0, \"is_share\": 0}",2026-05-03T11:44:06.581+07:00
"{\"event_time\": \"2022-05-01 05:48:43.582\", \"user_id\": 781, \"video_id\": 4140620, \"watch_time\": 0.0, \"duration\": 253.266, \"watch_ratio\": 0.0, \"is_click\": 0, \"is_like\": 0, \"is_share\": 0}",2026-05-03T11:44:06.592+07:00
"{\"event_time\": \"2022-04-23 03:53:47.290\", \"user_id\": 782, \"video_id\": 4231520, \"watch_time\": 0.0, \"duration\": 0.0, \"watch_ratio\": null, \"is_click\": 0, \"is_like\": 0, \"is_share\": 0}",2026-05-03T11:44:06.664+07:00
"{\"event_time\": \"2022-04-28 02:09:23.394\", \"user_id\": 15, \"video_id\": 334647, \"watch_time\": 9.647, \"duration\": 6.533, \"watch_ratio\": 1.0, \"is_click\": 1, \"is_like\": 0, \"is_share\": 0}",2026-05-03T11:44:06.790+07:00
"{\"event_time\": \"2022-04-24 10:05:39.455\", \"user_id\": 552, \"video_id\": 2900138, \"watch_time\": 110.686, \"duration\": 310.533, \"watch_ratio\": 0.3564, \"is_click\": 1, \"is_like\": 0, \"is_share\": 0}",2026-05-03T11:44:06.832+07:00
"{\"event_time\": \"2022-05-02 08:49:41.035\", \"user_id\": 65, \"video_id\": 1311395, \"watch_time\": 2.452, \"duration\": 286.066, \"watch_ratio\": 0.0086, \"is_click\": 1, \"is_like\": 0, \"is_share\": 0}",2026-05-03T11:44:06.843+07:00
"{\"event_time\": \"2022-04-29 13:11:18.553\", \"user_id\": 814, \"video_id\": 3311878, \"watch_time\": 2.994, \"duration\": 9.2, \"watch_ratio\": 0.3254, \"is_click\": 0, \"is_like\": 0, \"is_share\": 0}",2026-05-03T11:44:06.853+07:00
"{\"event_time\": \"2022-04-29 05:22:01.188\", \"user_id\": 455, \"video_id\": 1978613, \"watch_time\": 1.528, \"duration\": 19.733, \"watch_ratio\": 0.0774, \"is_click\": 0, \"is_like\": 0, \"is_share\": 0}",2026-05-03T11:44:06.958+07:00
"{\"event_time\": \"2022-05-04 17:59:18.256\", \"user_id\": 50, \"video_id\": 2000601, \"watch_time\": 2.435, \"duration\": 49.333, \"watch_ratio\": 0.0494, \"is_click\": 0, \"is_like\": 0, \"is_share\": 0}",2026-05-03T11:44:06.978+07:00
"{\"event_time\": \"2022-05-02 06:01:47.555\", \"user_id\": 961, \"video_id\": 2573670, \"watch_time\": 91.711, \"duration\": 88.966, \"watch_ratio\": 1.0, \"is_click\": 1, \"is_like\": 0, \"is_share\": 0}",2026-05-03T11:44:07.051+07:00
"{\"event_time\": \"2022-04-23 08:24:00.680\", \"user_id\": 587, \"video_id\": 523908, \"watch_time\": 0.0, \"duration\": 21.68, \"watch_ratio\": 0.0, \"is_click\": 0, \"is_like\": 0, \"is_share\": 0}",2026-05-03T11:44:07.103+07:00
"{\"event_time\": \"2022-04-27 14:11:06.403\", \"user_id\": 211, \"video_id\": 2283114, \"watch_time\": 0.0, \"duration\": 52.52, \"watch_ratio\": 0.0, \"is_click\": 0, \"is_like\": 0, \"is_share\": 0}",2026-05-03T11:44:07.113+07:00
"{\"event_time\": \"2022-05-05 23:35:35.878\", \"user_id\": 383, \"video_id\": 3618301, \"watch_time\": 35.734, \"duration\": 39.95, \"watch_ratio\": 0.8945, \"is_click\": 1, \"is_like\": 0, \"is_share\": 0}",2026-05-03T11:44:07.165+07:00
"{\"event_time\": \"2022-05-04 11:37:00.623\", \"user_id\": 600, \"video_id\": 2999264, \"watch_time\": 12.03, \"duration\": 43.133, \"watch_ratio\": 0.2789, \"is_click\": 1, \"is_like\": 0, \"is_share\": 0}",2026-05-03T11:44:07.175+07:00
"{\"event_time\": \"2022-05-04 06:33:14.203\", \"user_id\": 904, \"video_id\": 2044698, \"watch_time\": 75.291, \"duration\": 256.6, \"watch_ratio\": 0.2934, \"is_click\": 1, \"is_like\": 0, \"is_share\": 0}",2026-05-03T11:44:07.206+07:00
"{\"event_time\": \"2022-04-28 13:07:40.763\", \"user_id\": 684, \"video_id\": 2859959, \"watch_time\": 36.319, \"duration\": 64.599, \"watch_ratio\": 0.5622, \"is_click\": 1, \"is_like\": 0, \"is_share\": 0}",2026-05-03T11:44:07.237+07:00
"{\"event_time\": \"2022-04-29 15:34:51.180\", \"user_id\": 282, \"video_id\": 1011465, \"watch_time\": 0.0, \"duration\": 71.566, \"watch_ratio\": 0.0, \"is_click\": 0, \"is_like\": 0, \"is_share\": 0}",2026-05-03T11:44:07.258+07:00
"{\"event_time\": \"2022-04-27 12:59:51.115\", \"user_id\": 976, \"video_id\": 3545438, \"watch_time\": 13.142, \"duration\": 117.033, \"watch_ratio\": 0.1123, \"is_click\": 1, \"is_like\": 0, \"is_share\": 0}",2026-05-03T11:44:07.289+07:00
"{\"event_time\": \"2022-05-03 06:25:03.774\", \"user_id\": 383, \"video_id\": 1268380, \"watch_time\": 4.423, \"duration\": 19.466, \"watch_ratio\": 0.2272, \"is_click\": 0, \"is_like\": 0, \"is_share\": 0}",2026-05-03T11:44:07.320+07:00
"{\"event_time\": \"2022-05-01 21:01:05.143\", \"user_id\": 812, \"video_id\": 3229910, \"watch_time\": 0.842, \"duration\": 239.4, \"watch_ratio\": 0.0035, \"is_click\": 1, \"is_like\": 0, \"is_share\": 0}",2026-05-03T11:44:07.331+07:00
"{\"event_time\": \"2022-04-22 07:44:53.734\", \"user_id\": 58, \"video_id\": 4171023, \"watch_time\": 5.354, \"duration\": 12.96, \"watch_ratio\": 0.4131, \"is_click\": 0, \"is_like\": 0, \"is_share\": 0}",2026-05-03T11:44:07.352+07:00
"{\"event_time\": \"2022-05-04 05:01:31.926\", \"user_id\": 593, \"video_id\": 2790679, \"watch_time\": 91.761, \"duration\": 90.6, \"watch_ratio\": 1.0, \"is_click\": 1, \"is_like\": 0, \"is_share\": 0}",2026-05-03T11:44:07.362+07:00
"{\"event_time\": \"2022-05-02 12:17:17.908\", \"user_id\": 129, \"video_id\": 4148442, \"watch_time\": 82.837, \"duration\": 150.166, \"watch_ratio\": 0.5516, \"is_click\": 1, \"is_like\": 0, \"is_share\": 0}",2026-05-03T11:44:07.403+07:00
"{\"event_time\": \"2022-04-26 12:36:23.439\", \"user_id\": 793, \"video_id\": 1099988, \"watch_time\": 0.0, \"duration\": 0.0, \"watch_ratio\": null, \"is_click\": 0, \"is_like\": 0, \"is_share\": 0}",2026-05-03T11:44:07.414+07:00
"{\"event_time\": \"2022-04-26 13:48:18.518\", \"user_id\": 71, \"video_id\": 4126113, \"watch_time\": 3.541, \"duration\": 0.0, \"watch_ratio\": null, \"is_click\": 1, \"is_like\": 0, \"is_share\": 0}",2026-05-03T11:44:07.424+07:00
"{\"event_time\": \"2022-04-30 10:24:12.349\", \"user_id\": 697, \"video_id\": 1028659, \"watch_time\": 0.0, \"duration\": 900.5, \"watch_ratio\": 0.0, \"is_click\": 0, \"is_like\": 0, \"is_share\": 0}",2026-05-03T11:44:07.466+07:00
"{\"event_time\": \"2022-05-05 12:24:31.214\", \"user_id\": 725, \"video_id\": 1828731, \"watch_time\": 0.0, \"duration\": 14.266, \"watch_ratio\": 0.0, \"is_click\": 0, \"is_like\": 0, \"is_share\": 0}",2026-05-03T11:44:07.476+07:00
"{\"event_time\": \"2022-05-04 09:38:22.669\", \"user_id\": 191, \"video_id\": 3219538, \"watch_time\": 2.481, \"duration\": 6.214, \"watch_ratio\": 0.3993, \"is_click\": 0, \"is_like\": 0, \"is_share\": 0}",2026-05-03T11:44:07.507+07:00
"{\"event_time\": \"2022-04-29 08:18:08.476\", \"user_id\": 972, \"video_id\": 333251, \"watch_time\": 0.0, \"duration\": 0.0, \"watch_ratio\": null, \"is_click\": 0, \"is_like\": 0, \"is_share\": 0}",2026-05-03T11:44:07.518+07:00
"{\"event_time\": \"2022-04-28 03:51:55.499\", \"user_id\": 831, \"video_id\": 1527752, \"watch_time\": 15.526, \"duration\": 7.2, \"watch_ratio\": 1.0, \"is_click\": 1, \"is_like\": 0, \"is_share\": 0}",2026-05-03T11:44:07.528+07:00
"{\"event_time\": \"2022-05-01 03:24:43.384\", \"user_id\": 797, \"video_id\": 2694201, \"watch_time\": 1.278, \"duration\": 11.466, \"watch_ratio\": 0.1115, \"is_click\": 0, \"is_like\": 0, \"is_share\": 0}",2026-05-03T11:44:07.612+07:00
"{\"event_time\": \"2022-05-01 12:54:46.587\", \"user_id\": 67, \"video_id\": 3502084, \"watch_time\": 0.0, \"duration\": 87.087, \"watch_ratio\": 0.0, \"is_click\": 0, \"is_like\": 0, \"is_share\": 0}",2026-05-03T11:44:07.655+07:00
"{\"event_time\": \"2022-05-08 03:47:37.396\", \"user_id\": 782, \"video_id\": 2692993, \"watch_time\": 19.927, \"duration\": 16.433, \"watch_ratio\": 1.0, \"is_click\": 1, \"is_like\": 0, \"is_share\": 0}",2026-05-03T11:44:07.676+07:00
"{\"event_time\": \"2022-05-02 01:46:18.852\", \"user_id\": 759, \"video_id\": 1526086, \"watch_time\": 10.466, \"duration\": 9.65, \"watch_ratio\": 1.0, \"is_click\": 1, \"is_like\": 0, \"is_share\": 0}",2026-05-03T11:44:07.686+07:00
"{\"event_time\": \"2022-05-04 01:32:02.973\", \"user_id\": 94, \"video_id\": 2502190, \"watch_time\": 2.615, \"duration\": 153.318, \"watch_ratio\": 0.0171, \"is_click\": 0, \"is_like\": 0, \"is_share\": 0}",2026-05-03T11:44:07.749+07:00
"{\"event_time\": \"2022-05-04 12:05:13.854\", \"user_id\": 15, \"video_id\": 2747805, \"watch_time\": 39.191, \"duration\": 101.566, \"watch_ratio\": 0.3859, \"is_click\": 1, \"is_like\": 0, \"is_share\": 0}",2026-05-03T11:44:07.780+07:00
"{\"event_time\": \"2022-04-25 13:38:05.075\", \"user_id\": 686, \"video_id\": 4234270, \"watch_time\": 40.479, \"duration\": 38.32, \"watch_ratio\": 1.0, \"is_click\": 1, \"is_like\": 0, \"is_share\": 0}",2026-05-03T11:44:07.811+07:00
"{\"event_time\": \"2022-04-25 04:12:56.991\", \"user_id\": 71, \"video_id\": 4053460, \"watch_time\": 0.0, \"duration\": 0.0, \"watch_ratio\": null, \"is_click\": 0, \"is_like\": 0, \"is_share\": 0}",2026-05-03T11:44:07.853+07:00
"{\"event_time\": \"2022-04-25 08:01:50.611\", \"user_id\": 870, \"video_id\": 541569, \"watch_time\": 10.977, \"duration\": 0.0, \"watch_ratio\": null, \"is_click\": 1, \"is_like\": 0, \"is_share\": 0}",2026-05-03T11:44:07.863+07:00
"{\"event_time\": \"2022-04-23 00:56:20.209\", \"user_id\": 790, \"video_id\": 2594628, \"watch_time\": 22.979, \"duration\": 192.32, \"watch_ratio\": 0.1195, \"is_click\": 1, \"is_like\": 0, \"is_share\": 0}",2026-05-03T11:44:07.884+07:00
"{\"event_time\": \"2022-04-24 14:24:18.297\", \"user_id\": 439, \"video_id\": 224931, \"watch_time\": 0.0, \"duration\": 345.4, \"watch_ratio\": 0.0, \"is_click\": 0, \"is_like\": 0, \"is_share\": 0}",2026-05-03T11:44:07.894+07:00
"{\"event_time\": \"2022-05-07 11:41:57.609\", \"user_id\": 852, \"video_id\": 3096952, \"watch_time\": 1.388, \"duration\": 42.959, \"watch_ratio\": 0.0323, \"is_click\": 0, \"is_like\": 0, \"is_share\": 0}",2026-05-03T11:44:07.946+07:00
"{\"event_time\": \"2022-05-04 11:05:45.885\", \"user_id\": 39, \"video_id\": 4080467, \"watch_time\": 4.034, \"duration\": 48.366, \"watch_ratio\": 0.0834, \"is_click\": 0, \"is_like\": 0, \"is_share\": 0}",2026-05-03T11:44:07.956+07:00
"{\"event_time\": \"2022-04-30 01:16:30.978\", \"user_id\": 924, \"video_id\": 453187, \"watch_time\": 43.504, \"duration\": 44.666, \"watch_ratio\": 0.974, \"is_click\": 1, \"is_like\": 0, \"is_share\": 0}",2026-05-03T11:44:07.966+07:00
"{\"event_time\": \"2022-05-01 03:19:07.381\", \"user_id\": 784, \"video_id\": 3780100, \"watch_time\": 0.0, \"duration\": 111.433, \"watch_ratio\": 0.0, \"is_click\": 0, \"is_like\": 0, \"is_share\": 0}",2026-05-03T11:44:07.977+07:00
"{\"event_time\": \"2022-04-30 07:19:20.000\", \"user_id\": 191, \"video_id\": 1563019, \"watch_time\": 11.681, \"duration\": 6.12, \"watch_ratio\": 1.0, \"is_click\": 1, \"is_like\": 0, \"is_share\": 0}",2026-05-03T11:44:08.080+07:00
"{\"event_time\": \"2022-05-03 08:17:32.299\", \"user_id\": 136, \"video_id\": 3056228, \"watch_time\": 64.057, \"duration\": 66.88, \"watch_ratio\": 0.9578, \"is_click\": 1, \"is_like\": 0, \"is_share\": 0}",2026-05-03T11:44:08.184+07:00
"{\"event_time\": \"2022-04-23 18:09:30.611\", \"user_id\": 664, \"video_id\": 2996459, \"watch_time\": 0.0, \"duration\": 11.935, \"watch_ratio\": 0.0, \"is_click\": 0, \"is_like\": 0, \"is_share\": 0}",2026-05-03T11:44:08.298+07:00
"{\"event_time\": \"2022-04-30 08:13:05.944\", \"user_id\": 919, \"video_id\": 2771392, \"watch_time\": 86.183, \"duration\": 84.866, \"watch_ratio\": 1.0, \"is_click\": 1, \"is_like\": 0, \"is_share\": 0}",2026-05-03T11:44:08.360+07:00
"{\"event_time\": \"2022-05-03 11:25:07.436\", \"user_id\": 627, \"video_id\": 1831084, \"watch_time\": 2.097, \"duration\": 24.6, \"watch_ratio\": 0.0852, \"is_click\": 0, \"is_like\": 0, \"is_share\": 0}",2026-05-03T11:44:08.390+07:00
"{\"event_time\": \"2022-05-02 05:54:42.244\", \"user_id\": 286, \"video_id\": 3005695, \"watch_time\": 0.0, \"duration\": 11.35, \"watch_ratio\": 0.0, \"is_click\": 0, \"is_like\": 0, \"is_share\": 0}",2026-05-03T11:44:08.401+07:00
"{\"event_time\": \"2022-05-02 21:53:10.786\", \"user_id\": 205, \"video_id\": 3444041, \"watch_time\": 0.0, \"duration\": 0.0, \"watch_ratio\": null, \"is_click\": 0, \"is_like\": 0, \"is_share\": 0}",2026-05-03T11:44:08.432+07:00
"{\"event_time\": \"2022-05-08 03:37:41.196\", \"user_id\": 679, \"video_id\": 3316157, \"watch_time\": 8.85, \"duration\": 16.5, \"watch_ratio\": 0.5364, \"is_click\": 1, \"is_like\": 0, \"is_share\": 0}",2026-05-03T11:44:08.453+07:00
"{\"event_time\": \"2022-04-29 11:37:33.161\", \"user_id\": 372, \"video_id\": 1258227, \"watch_time\": 0.0, \"duration\": 93.166, \"watch_ratio\": 0.0, \"is_click\": 0, \"is_like\": 0, \"is_share\": 0}",2026-05-03T11:44:08.485+07:00
"{\"event_time\": \"2022-04-23 02:49:39.844\", \"user_id\": 594, \"video_id\": 975341, \"watch_time\": 0.0, \"duration\": 8.033, \"watch_ratio\": 0.0, \"is_click\": 0, \"is_like\": 0, \"is_share\": 0}",2026-05-03T11:44:08.496+07:00
"{\"event_time\": \"2022-05-03 06:09:28.640\", \"user_id\": 372, \"video_id\": 4122749, \"watch_time\": 202.006, \"duration\": 207.116, \"watch_ratio\": 0.9753, \"is_click\": 1, \"is_like\": 0, \"is_share\": 0}",2026-05-03T11:44:08.528+07:00
"{\"event_time\": \"2022-05-04 22:14:10.714\", \"user_id\": 80, \"video_id\": 3992850, \"watch_time\": 16.134, \"duration\": 8.15, \"watch_ratio\": 1.0, \"is_click\": 1, \"is_like\": 0, \"is_share\": 0}",2026-05-03T11:44:08.571+07:00
"{\"event_time\": \"2022-05-03 05:09:11.023\", \"user_id\": 707, \"video_id\": 270486, \"watch_time\": 66.367, \"duration\": 246.48, \"watch_ratio\": 0.2693, \"is_click\": 1, \"is_like\": 0, \"is_share\": 0}",2026-05-03T11:44:08.581+07:00
"{\"event_time\": \"2022-04-29 04:52:12.280\", \"user_id\": 659, \"video_id\": 1688789, \"watch_time\": 30.352, \"duration\": 15.6, \"watch_ratio\": 1.0, \"is_click\": 1, \"is_like\": 0, \"is_share\": 0}",2026-05-03T11:44:08.592+07:00
"{\"event_time\": \"2022-04-27 17:11:22.363\", \"user_id\": 546, \"video_id\": 1847117, \"watch_time\": 25.109, \"duration\": 157.333, \"watch_ratio\": 0.1596, \"is_click\": 1, \"is_like\": 0, \"is_share\": 0}",2026-05-03T11:44:08.602+07:00
"{\"event_time\": \"2022-04-22 18:02:52.333\", \"user_id\": 110, \"video_id\": 1824514, \"watch_time\": 6.696, \"duration\": 95.4, \"watch_ratio\": 0.0702, \"is_click\": 0, \"is_like\": 0, \"is_share\": 0}",2026-05-03T11:44:08.623+07:00
"{\"event_time\": \"2022-04-27 12:27:08.614\", \"user_id\": 566, \"video_id\": 1080920, \"watch_time\": 30.862, \"duration\": 102.216, \"watch_ratio\": 0.3019, \"is_click\": 1, \"is_like\": 0, \"is_share\": 0}",2026-05-03T11:44:08.644+07:00
"{\"event_time\": \"2022-04-22 11:28:00.495\", \"user_id\": 435, \"video_id\": 3245012, \"watch_time\": 18.316, \"duration\": 6.0, \"watch_ratio\": 1.0, \"is_click\": 1, \"is_like\": 0, \"is_share\": 0}",2026-05-03T11:44:08.664+07:00
"{\"event_time\": \"2022-05-07 22:58:20.582\", \"user_id\": 322, \"video_id\": 4203589, \"watch_time\": 0.0, \"duration\": 46.01, \"watch_ratio\": 0.0, \"is_click\": 0, \"is_like\": 0, \"is_share\": 0}",2026-05-03T11:44:08.675+07:00
"{\"event_time\": \"2022-05-05 06:46:31.469\", \"user_id\": 159, \"video_id\": 1765667, \"watch_time\": 26.646, \"duration\": 8.392, \"watch_ratio\": 1.0, \"is_click\": 1, \"is_like\": 0, \"is_share\": 0}",2026-05-03T11:44:08.737+07:00
"{\"event_time\": \"2022-04-29 00:46:32.525\", \"user_id\": 879, \"video_id\": 1990901, \"watch_time\": 0.256, \"duration\": 6.88, \"watch_ratio\": 0.0372, \"is_click\": 0, \"is_like\": 0, \"is_share\": 0}",2026-05-03T11:44:08.758+07:00
"{\"event_time\": \"2022-05-02 23:25:24.586\", \"user_id\": 614, \"video_id\": 2138780, \"watch_time\": 4.337, \"duration\": 111.944, \"watch_ratio\": 0.0387, \"is_click\": 0, \"is_like\": 0, \"is_share\": 0}",2026-05-03T11:44:08.789+07:00
"{\"event_time\": \"2022-05-08 09:57:53.201\", \"user_id\": 39, \"video_id\": 187739, \"watch_time\": 1.395, \"duration\": 7.633, \"watch_ratio\": 0.1828, \"is_click\": 0, \"is_like\": 0, \"is_share\": 0}",2026-05-03T11:44:08.871+07:00
"{\"event_time\": \"2022-05-03 00:12:25.401\", \"user_id\": 995, \"video_id\": 3915011, \"watch_time\": 2.188, \"duration\": 60.066, \"watch_ratio\": 0.0364, \"is_click\": 0, \"is_like\": 0, \"is_share\": 0}",2026-05-03T11:44:08.892+07:00
"{\"event_time\": \"2022-04-22 04:32:13.986\", \"user_id\": 156, \"video_id\": 2545873, \"watch_time\": 6.881, \"duration\": 261.2, \"watch_ratio\": 0.0263, \"is_click\": 0, \"is_like\": 0, \"is_share\": 0}",2026-05-03T11:44:08.902+07:00
"{\"event_time\": \"2022-05-01 06:35:35.842\", \"user_id\": 153, \"video_id\": 3394845, \"watch_time\": 3.622, \"duration\": 9.966, \"watch_ratio\": 0.3634, \"is_click\": 0, \"is_like\": 0, \"is_share\": 0}",2026-05-03T11:44:08.913+07:00
"{\"event_time\": \"2022-05-05 00:20:57.091\", \"user_id\": 269, \"video_id\": 1730007, \"watch_time\": 42.988, \"duration\": 42.283, \"watch_ratio\": 1.0, \"is_click\": 1, \"is_like\": 0, \"is_share\": 0}",2026-05-03T11:44:08.944+07:00
"{\"event_time\": \"2022-04-29 14:01:07.903\", \"user_id\": 628, \"video_id\": 2229773, \"watch_time\": 14.121, \"duration\": 14.866, \"watch_ratio\": 0.9499, \"is_click\": 1, \"is_like\": 0, \"is_share\": 0}",2026-05-03T11:44:08.954+07:00
"{\"event_time\": \"2022-05-08 06:51:20.189\", \"user_id\": 428, \"video_id\": 1641117, \"watch_time\": 27.02, \"duration\": 34.0, \"watch_ratio\": 0.7947, \"is_click\": 1, \"is_like\": 0, \"is_share\": 0}",2026-05-03T11:44:08.975+07:00
"{\"event_time\": \"2022-05-02 09:25:43.237\", \"user_id\": 366, \"video_id\": 792209, \"watch_time\": 41.509, \"duration\": 73.4, \"watch_ratio\": 0.5655, \"is_click\": 1, \"is_like\": 0, \"is_share\": 0}",2026-05-03T11:44:09.068+07:00
"{\"event_time\": \"2022-04-26 13:03:55.546\", \"user_id\": 299, \"video_id\": 306555, \"watch_time\": 1.635, \"duration\": 137.566, \"watch_ratio\": 0.0119, \"is_click\": 0, \"is_like\": 0, \"is_share\": 0}",2026-05-03T11:44:09.130+07:00
"{\"event_time\": \"2022-04-25 04:29:57.488\", \"user_id\": 589, \"video_id\": 956061, \"watch_time\": 173.555, \"duration\": 172.6, \"watch_ratio\": 1.0, \"is_click\": 1, \"is_like\": 0, \"is_share\": 0}",2026-05-03T11:44:09.140+07:00
"{\"event_time\": \"2022-05-03 16:27:43.154\", \"user_id\": 725, \"video_id\": 3118820, \"watch_time\": 1.423, \"duration\": 0.0, \"watch_ratio\": null, \"is_click\": 0, \"is_like\": 0, \"is_share\": 0}",2026-05-03T11:44:09.171+07:00
"{\"event_time\": \"2022-04-22 09:02:10.603\", \"user_id\": 175, \"video_id\": 2779888, \"watch_time\": 0.0, \"duration\": 16.76, \"watch_ratio\": 0.0, \"is_click\": 0, \"is_like\": 0, \"is_share\": 0}",2026-05-03T11:44:09.202+07:00
"{\"event_time\": \"2022-04-23 16:57:08.367\", \"user_id\": 286, \"video_id\": 1296593, \"watch_time\": 0.0, \"duration\": 131.2, \"watch_ratio\": 0.0, \"is_click\": 0, \"is_like\": 0, \"is_share\": 0}",2026-05-03T11:44:09.223+07:00
"{\"event_time\": \"2022-05-03 12:01:38.148\", \"user_id\": 856, \"video_id\": 3219008, \"watch_time\": 4.014, \"duration\": 0.0, \"watch_ratio\": null, \"is_click\": 1, \"is_like\": 0, \"is_share\": 0}",2026-05-03T11:44:09.306+07:00
"{\"event_time\": \"2022-04-26 10:19:28.393\", \"user_id\": 619, \"video_id\": 1295009, \"watch_time\": 0.662, \"duration\": 24.433, \"watch_ratio\": 0.0271, \"is_click\": 0, \"is_like\": 0, \"is_share\": 0}",2026-05-03T11:44:09.347+07:00
"{\"event_time\": \"2022-04-26 12:34:08.126\", \"user_id\": 858, \"video_id\": 3676425, \"watch_time\": 1.468, \"duration\": 7.0, \"watch_ratio\": 0.2097, \"is_click\": 0, \"is_like\": 0, \"is_share\": 0}",2026-05-03T11:44:09.358+07:00
"{\"event_time\": \"2022-04-24 18:55:30.507\", \"user_id\": 715, \"video_id\": 3844641, \"watch_time\": 55.735, \"duration\": 204.233, \"watch_ratio\": 0.2729, \"is_click\": 1, \"is_like\": 0, \"is_share\": 0}",2026-05-03T11:44:09.368+07:00
"{\"event_time\": \"2022-05-03 16:25:46.660\", \"user_id\": 716, \"video_id\": 1871873, \"watch_time\": 1.193, \"duration\": 15.3, \"watch_ratio\": 0.078, \"is_click\": 0, \"is_like\": 0, \"is_share\": 0}",2026-05-03T11:44:09.379+07:00
"{\"event_time\": \"2022-04-28 02:12:00.481\", \"user_id\": 523, \"video_id\": 2117030, \"watch_time\": 0.749, \"duration\": 92.583, \"watch_ratio\": 0.0081, \"is_click\": 0, \"is_like\": 0, \"is_share\": 0}",2026-05-03T11:44:09.389+07:00
"{\"event_time\": \"2022-04-26 08:52:36.850\", \"user_id\": 543, \"video_id\": 2422515, \"watch_time\": 1.936, \"duration\": 117.4, \"watch_ratio\": 0.0165, \"is_click\": 1, \"is_like\": 0, \"is_share\": 0}",2026-05-03T11:44:09.410+07:00
"{\"event_time\": \"2022-05-05 00:36:34.296\", \"user_id\": 837, \"video_id\": 2073760, \"watch_time\": 11.109, \"duration\": 19.9, \"watch_ratio\": 0.5582, \"is_click\": 1, \"is_like\": 0, \"is_share\": 0}",2026-05-03T11:44:09.462+07:00
"{\"event_time\": \"2022-04-26 00:54:58.436\", \"user_id\": 809, \"video_id\": 1363623, \"watch_time\": 13.856, \"duration\": 10.8, \"watch_ratio\": 1.0, \"is_click\": 1, \"is_like\": 0, \"is_share\": 0}",2026-05-03T11:44:09.472+07:00
"{\"event_time\": \"2022-04-26 11:20:38.988\", \"user_id\": 455, \"video_id\": 697375, \"watch_time\": 12.01, \"duration\": 7.2, \"watch_ratio\": 1.0, \"is_click\": 1, \"is_like\": 0, \"is_share\": 0}",2026-05-03T11:44:09.544+07:00
"{\"event_time\": \"2022-05-07 06:41:41.676\", \"user_id\": 976, \"video_id\": 2418559, \"watch_time\": 4.652, \"duration\": 13.2, \"watch_ratio\": 0.3524, \"is_click\": 0, \"is_like\": 0, \"is_share\": 0}",2026-05-03T11:44:09.565+07:00
"{\"event_time\": \"2022-05-07 18:11:11.213\", \"user_id\": 829, \"video_id\": 1639808, \"watch_time\": 0.0, \"duration\": 11.933, \"watch_ratio\": 0.0, \"is_click\": 0, \"is_like\": 0, \"is_share\": 0}",2026-05-03T11:44:09.575+07:00
"{\"event_time\": \"2022-05-05 22:50:32.312\", \"user_id\": 879, \"video_id\": 817236, \"watch_time\": 0.211, \"duration\": 10.785, \"watch_ratio\": 0.0196, \"is_click\": 0, \"is_like\": 0, \"is_share\": 0}",2026-05-03T11:44:09.596+07:00
"{\"event_time\": \"2022-04-27 15:29:27.898\", \"user_id\": 315, \"video_id\": 4117864, \"watch_time\": 12.088, \"duration\": 180.266, \"watch_ratio\": 0.0671, \"is_click\": 1, \"is_like\": 0, \"is_share\": 0}",2026-05-03T11:44:09.606+07:00
"{\"event_time\": \"2022-04-23 12:31:07.736\", \"user_id\": 213, \"video_id\": 1505011, \"watch_time\": 76.496, \"duration\": 58.616, \"watch_ratio\": 1.0, \"is_click\": 1, \"is_like\": 0, \"is_share\": 0}",2026-05-03T11:44:09.637+07:00
"{\"event_time\": \"2022-04-30 09:34:39.825\", \"user_id\": 202, \"video_id\": 552058, \"watch_time\": 1.004, \"duration\": 0.0, \"watch_ratio\": null, \"is_click\": 0, \"is_like\": 0, \"is_share\": 0}",2026-05-03T11:44:09.648+07:00
"{\"event_time\": \"2022-05-04 04:03:17.040\", \"user_id\": 541, \"video_id\": 2569344, \"watch_time\": 98.313, \"duration\": 102.583, \"watch_ratio\": 0.9584, \"is_click\": 1, \"is_like\": 0, \"is_share\": 1}",2026-05-03T11:44:09.669+07:00
"{\"event_time\": \"2022-05-02 15:34:14.572\", \"user_id\": 232, \"video_id\": 2217411, \"watch_time\": 8.396, \"duration\": 10.439, \"watch_ratio\": 0.8043, \"is_click\": 1, \"is_like\": 0, \"is_share\": 0}",2026-05-03T11:44:09.712+07:00
"{\"event_time\": \"2022-04-25 01:15:41.113\", \"user_id\": 995, \"video_id\": 3345782, \"watch_time\": 0.0, \"duration\": 27.066, \"watch_ratio\": 0.0, \"is_click\": 0, \"is_like\": 0, \"is_share\": 0}",2026-05-03T11:44:09.765+07:00
"{\"event_time\": \"2022-05-06 23:27:18.256\", \"user_id\": 246, \"video_id\": 2710493, \"watch_time\": 0.0, \"duration\": 27.783, \"watch_ratio\": 0.0, \"is_click\": 0, \"is_like\": 0, \"is_share\": 0}",2026-05-03T11:44:09.776+07:00
"{\"event_time\": \"2022-04-22 03:00:31.920\", \"user_id\": 527, \"video_id\": 3359124, \"watch_time\": 8.695, \"duration\": 11.9, \"watch_ratio\": 0.7307, \"is_click\": 1, \"is_like\": 0, \"is_share\": 0}",2026-05-03T11:45:02.623+07:00
"{\"event_time\": \"2022-05-08 08:33:20.661\", \"user_id\": 176, \"video_id\": 742485, \"watch_time\": 0.0, \"duration\": 17.466, \"watch_ratio\": 0.0, \"is_click\": 0, \"is_like\": 0, \"is_share\": 0}",2026-05-03T11:45:02.633+07:00
"{\"event_time\": \"2022-04-25 05:56:06.479\", \"user_id\": 956, \"video_id\": 2283155, \"watch_time\": 5.153, \"duration\": 7.166, \"watch_ratio\": 0.7191, \"is_click\": 0, \"is_like\": 0, \"is_share\": 0}",2026-05-03T11:45:02.664+07:00
"{\"event_time\": \"2022-04-28 09:17:05.005\", \"user_id\": 101, \"video_id\": 2839486, \"watch_time\": 66.014, \"duration\": 59.859, \"watch_ratio\": 1.0, \"is_click\": 1, \"is_like\": 0, \"is_share\": 0}",2026-05-03T11:45:02.684+07:00
"{\"event_time\": \"2022-04-23 17:18:44.449\", \"user_id\": 447, \"video_id\": 1039073, \"watch_time\": 0.0, \"duration\": 17.9, \"watch_ratio\": 0.0, \"is_click\": 0, \"is_like\": 0, \"is_share\": 0}",2026-05-03T11:45:02.726+07:00
"{\"event_time\": \"2022-04-24 18:23:19.239\", \"user_id\": 15, \"video_id\": 4034314, \"watch_time\": 0.0, \"duration\": 85.1, \"watch_ratio\": 0.0, \"is_click\": 0, \"is_like\": 0, \"is_share\": 0}",2026-05-03T11:45:02.736+07:00
"{\"event_time\": \"2022-05-07 05:06:33.737\", \"user_id\": 176, \"video_id\": 2020839, \"watch_time\": 0.0, \"duration\": 0.0, \"watch_ratio\": null, \"is_click\": 0, \"is_like\": 0, \"is_share\": 0}",2026-05-03T11:45:02.757+07:00
"{\"event_time\": \"2022-04-26 09:13:01.740\", \"user_id\": 924, \"video_id\": 2277841, \"watch_time\": 0.0, \"duration\": 98.44, \"watch_ratio\": 0.0, \"is_click\": 0, \"is_like\": 0, \"is_share\": 0}",2026-05-03T11:45:02.767+07:00
"{\"event_time\": \"2022-05-08 08:42:36.228\", \"user_id\": 829, \"video_id\": 1262008, \"watch_time\": 3.196, \"duration\": 344.533, \"watch_ratio\": 0.0093, \"is_click\": 0, \"is_like\": 0, \"is_share\": 0}",2026-05-03T11:45:02.798+07:00
"{\"event_time\": \"2022-04-29 10:23:54.033\", \"user_id\": 834, \"video_id\": 1472164, \"watch_time\": 6.72, \"duration\": 9.9, \"watch_ratio\": 0.6788, \"is_click\": 0, \"is_like\": 0, \"is_share\": 0}",2026-05-03T11:45:02.893+07:00
"{\"event_time\": \"2022-05-01 01:37:33.469\", \"user_id\": 718, \"video_id\": 476157, \"watch_time\": 5.361, \"duration\": 33.833, \"watch_ratio\": 0.1585, \"is_click\": 0, \"is_like\": 0, \"is_share\": 0}",2026-05-03T11:45:02.913+07:00
"{\"event_time\": \"2022-05-06 08:33:03.811\", \"user_id\": 926, \"video_id\": 2808623, \"watch_time\": 2.104, \"duration\": 55.2, \"watch_ratio\": 0.0381, \"is_click\": 0, \"is_like\": 0, \"is_share\": 0}",2026-05-03T11:45:02.966+07:00
"{\"event_time\": \"2022-04-23 23:11:16.370\", \"user_id\": 958, \"video_id\": 2542741, \"watch_time\": 1.321, \"duration\": 30.42, \"watch_ratio\": 0.0434, \"is_click\": 0, \"is_like\": 0, \"is_share\": 0}",2026-05-03T11:45:02.998+07:00
"{\"event_time\": \"2022-04-23 02:10:49.710\", \"user_id\": 68, \"video_id\": 3426006, \"watch_time\": 2.087, \"duration\": 40.716, \"watch_ratio\": 0.0513, \"is_click\": 0, \"is_like\": 0, \"is_share\": 0}",2026-05-03T11:45:03.009+07:00
"{\"event_time\": \"2022-05-01 23:42:14.381\", \"user_id\": 575, \"video_id\": 4059293, \"watch_time\": 6.722, \"duration\": 8.0, \"watch_ratio\": 0.8403, \"is_click\": 0, \"is_like\": 0, \"is_share\": 0}",2026-05-03T11:45:03.040+07:00
"{\"event_time\": \"2022-05-01 04:30:27.406\", \"user_id\": 123, \"video_id\": 850097, \"watch_time\": 24.519, \"duration\": 174.533, \"watch_ratio\": 0.1405, \"is_click\": 1, \"is_like\": 0, \"is_share\": 0}",2026-05-03T11:45:03.061+07:00
"{\"event_time\": \"2022-05-04 14:16:33.040\", \"user_id\": 862, \"video_id\": 354492, \"watch_time\": 0.0, \"duration\": 8.5, \"watch_ratio\": 0.0, \"is_click\": 0, \"is_like\": 0, \"is_share\": 0}",2026-05-03T11:45:03.082+07:00
"{\"event_time\": \"2022-05-08 14:51:39.635\", \"user_id\": 325, \"video_id\": 4304366, \"watch_time\": 5.604, \"duration\": 0.0, \"watch_ratio\": null, \"is_click\": 0, \"is_like\": 0, \"is_share\": 0}",2026-05-03T11:45:03.093+07:00
"{\"event_time\": \"2022-04-24 11:57:51.543\", \"user_id\": 80, \"video_id\": 3077525, \"watch_time\": 9.615, \"duration\": 5.52, \"watch_ratio\": 1.0, \"is_click\": 1, \"is_like\": 0, \"is_share\": 0}",2026-05-03T11:45:03.103+07:00
"{\"event_time\": \"2022-04-27 20:11:33.279\", \"user_id\": 581, \"video_id\": 4156842, \"watch_time\": 84.877, \"duration\": 258.633, \"watch_ratio\": 0.3282, \"is_click\": 1, \"is_like\": 0, \"is_share\": 0}",2026-05-03T11:45:03.114+07:00
"{\"event_time\": \"2022-05-04 01:16:51.706\", \"user_id\": 623, \"video_id\": 3793674, \"watch_time\": 1.308, \"duration\": 64.333, \"watch_ratio\": 0.0203, \"is_click\": 0, \"is_like\": 0, \"is_share\": 0}",2026-05-03T11:45:03.145+07:00
"{\"event_time\": \"2022-04-29 02:30:59.317\", \"user_id\": 793, \"video_id\": 2208580, \"watch_time\": 1.49, \"duration\": 24.933, \"watch_ratio\": 0.0598, \"is_click\": 0, \"is_like\": 0, \"is_share\": 0}",2026-05-03T11:45:03.166+07:00
"{\"event_time\": \"2022-05-06 11:55:52.277\", \"user_id\": 314, \"video_id\": 542099, \"watch_time\": 141.449, \"duration\": 115.431, \"watch_ratio\": 1.0, \"is_click\": 1, \"is_like\": 0, \"is_share\": 0}",2026-05-03T11:45:03.187+07:00
"{\"event_time\": \"2022-05-06 12:51:34.698\", \"user_id\": 249, \"video_id\": 371172, \"watch_time\": 37.534, \"duration\": 7.566, \"watch_ratio\": 1.0, \"is_click\": 1, \"is_like\": 0, \"is_share\": 0}",2026-05-03T11:45:03.198+07:00
"{\"event_time\": \"2022-05-05 02:54:24.877\", \"user_id\": 338, \"video_id\": 4237267, \"watch_time\": 6.007, \"duration\": 8.083, \"watch_ratio\": 0.7432, \"is_click\": 0, \"is_like\": 0, \"is_share\": 0}",2026-05-03T11:45:03.230+07:00
"{\"event_time\": \"2022-05-02 04:28:09.463\", \"user_id\": 542, \"video_id\": 422271, \"watch_time\": 4.284, \"duration\": 15.24, \"watch_ratio\": 0.2811, \"is_click\": 0, \"is_like\": 0, \"is_share\": 0}",2026-05-03T11:45:03.240+07:00
"{\"event_time\": \"2022-04-25 14:29:07.363\", \"user_id\": 997, \"video_id\": 2410571, \"watch_time\": 39.89, \"duration\": 50.166, \"watch_ratio\": 0.7952, \"is_click\": 1, \"is_like\": 0, \"is_share\": 0}",2026-05-03T11:45:03.282+07:00
"{\"event_time\": \"2022-05-04 12:08:23.981\", \"user_id\": 753, \"video_id\": 2592436, \"watch_time\": 70.705, \"duration\": 71.066, \"watch_ratio\": 0.9949, \"is_click\": 1, \"is_like\": 0, \"is_share\": 0}",2026-05-03T11:45:03.325+07:00
"{\"event_time\": \"2022-05-02 14:32:18.218\", \"user_id\": 438, \"video_id\": 1980361, \"watch_time\": 3.087, \"duration\": 101.067, \"watch_ratio\": 0.0305, \"is_click\": 0, \"is_like\": 0, \"is_share\": 0}",2026-05-03T11:45:03.346+07:00
"{\"event_time\": \"2022-05-07 11:47:01.916\", \"user_id\": 761, \"video_id\": 342697, \"watch_time\": 36.636, \"duration\": 39.583, \"watch_ratio\": 0.9255, \"is_click\": 1, \"is_like\": 0, \"is_share\": 0}",2026-05-03T11:45:03.367+07:00
"{\"event_time\": \"2022-04-29 15:21:22.165\", \"user_id\": 455, \"video_id\": 3393590, \"watch_time\": 0.0, \"duration\": 9.75, \"watch_ratio\": 0.0, \"is_click\": 1, \"is_like\": 0, \"is_share\": 0}",2026-05-03T11:45:03.378+07:00
"{\"event_time\": \"2022-04-26 19:04:14.932\", \"user_id\": 638, \"video_id\": 1329761, \"watch_time\": 1.741, \"duration\": 8.2, \"watch_ratio\": 0.2123, \"is_click\": 0, \"is_like\": 0, \"is_share\": 0}",2026-05-03T11:45:03.389+07:00
"{\"event_time\": \"2022-05-07 13:40:41.858\", \"user_id\": 4, \"video_id\": 4033026, \"watch_time\": 6.617, \"duration\": 14.133, \"watch_ratio\": 0.4682, \"is_click\": 0, \"is_like\": 0, \"is_share\": 0}",2026-05-03T11:45:03.410+07:00
"{\"event_time\": \"2022-04-29 06:35:06.417\", \"user_id\": 71, \"video_id\": 2367945, \"watch_time\": 0.0, \"duration\": 0.0, \"watch_ratio\": null, \"is_click\": 0, \"is_like\": 0, \"is_share\": 0}",2026-05-03T11:45:03.484+07:00
"{\"event_time\": \"2022-05-07 05:29:44.299\", \"user_id\": 650, \"video_id\": 2656625, \"watch_time\": 6.306, \"duration\": 10.2, \"watch_ratio\": 0.6182, \"is_click\": 0, \"is_like\": 0, \"is_share\": 0}",2026-05-03T11:45:03.505+07:00
"{\"event_time\": \"2022-05-06 01:55:33.085\", \"user_id\": 68, \"video_id\": 2666739, \"watch_time\": 2.169, \"duration\": 43.551, \"watch_ratio\": 0.0498, \"is_click\": 0, \"is_like\": 0, \"is_share\": 0}",2026-05-03T11:45:03.612+07:00
"{\"event_time\": \"2022-04-30 22:36:03.638\", \"user_id\": 205, \"video_id\": 1274661, \"watch_time\": 22.586, \"duration\": 100.966, \"watch_ratio\": 0.2237, \"is_click\": 1, \"is_like\": 0, \"is_share\": 0}",2026-05-03T11:45:03.665+07:00
"{\"event_time\": \"2022-05-07 06:11:21.024\", \"user_id\": 2, \"video_id\": 205998, \"watch_time\": 5.604, \"duration\": 220.76, \"watch_ratio\": 0.0254, \"is_click\": 0, \"is_like\": 0, \"is_share\": 0}",2026-05-03T11:45:03.676+07:00
"{\"event_time\": \"2022-04-22 03:35:33.389\", \"user_id\": 71, \"video_id\": 4326587, \"watch_time\": 0.0, \"duration\": 11.532, \"watch_ratio\": 0.0, \"is_click\": 0, \"is_like\": 0, \"is_share\": 0}",2026-05-03T11:45:03.718+07:00
"{\"event_time\": \"2022-05-04 09:57:15.080\", \"user_id\": 434, \"video_id\": 99587, \"watch_time\": 3.43, \"duration\": 48.566, \"watch_ratio\": 0.0706, \"is_click\": 0, \"is_like\": 0, \"is_share\": 0}",2026-05-03T11:45:03.729+07:00
"{\"event_time\": \"2022-05-02 22:45:44.301\", \"user_id\": 205, \"video_id\": 4124002, \"watch_time\": 3.248, \"duration\": 0.0, \"watch_ratio\": null, \"is_click\": 0, \"is_like\": 0, \"is_share\": 0}",2026-05-03T11:45:03.771+07:00
"{\"event_time\": \"2022-05-04 08:16:49.209\", \"user_id\": 524, \"video_id\": 3308709, \"watch_time\": 1.947, \"duration\": 60.0, \"watch_ratio\": 0.0324, \"is_click\": 0, \"is_like\": 0, \"is_share\": 0}",2026-05-03T11:45:03.814+07:00
"{\"event_time\": \"2022-05-06 12:14:41.695\", \"user_id\": 707, \"video_id\": 224370, \"watch_time\": 0.0, \"duration\": 109.366, \"watch_ratio\": 0.0, \"is_click\": 0, \"is_like\": 0, \"is_share\": 0}",2026-05-03T11:45:03.824+07:00
"{\"event_time\": \"2022-04-29 10:30:09.612\", \"user_id\": 110, \"video_id\": 4366497, \"watch_time\": 2.819, \"duration\": 12.583, \"watch_ratio\": 0.224, \"is_click\": 1, \"is_like\": 0, \"is_share\": 0}",2026-05-03T11:45:03.846+07:00
"{\"event_time\": \"2022-04-27 06:17:49.404\", \"user_id\": 410, \"video_id\": 1262584, \"watch_time\": 9.577, \"duration\": 64.2, \"watch_ratio\": 0.1492, \"is_click\": 1, \"is_like\": 0, \"is_share\": 0}",2026-05-03T11:45:04.016+07:00
"{\"event_time\": \"2022-04-22 04:26:42.288\", \"user_id\": 525, \"video_id\": 3128101, \"watch_time\": 3.463, \"duration\": 120.68, \"watch_ratio\": 0.0287, \"is_click\": 0, \"is_like\": 0, \"is_share\": 0}",2026-05-03T11:45:04.036+07:00
"{\"event_time\": \"2022-04-29 08:07:59.728\", \"user_id\": 352, \"video_id\": 2193323, \"watch_time\": 2.293, \"duration\": 174.316, \"watch_ratio\": 0.0132, \"is_click\": 0, \"is_like\": 0, \"is_share\": 0}",2026-05-03T11:45:04.058+07:00
"{\"event_time\": \"2022-05-03 14:35:52.597\", \"user_id\": 879, \"video_id\": 3571150, \"watch_time\": 0.374, \"duration\": 300.533, \"watch_ratio\": 0.0012, \"is_click\": 0, \"is_like\": 0, \"is_share\": 0}",2026-05-03T11:45:04.079+07:00
"{\"event_time\": \"2022-04-27 12:08:53.239\", \"user_id\": 986, \"video_id\": 599060, \"watch_time\": 2.008, \"duration\": 117.566, \"watch_ratio\": 0.0171, \"is_click\": 0, \"is_like\": 0, \"is_share\": 0}",2026-05-03T11:45:04.164+07:00
"{\"event_time\": \"2022-05-04 08:30:37.999\", \"user_id\": 534, \"video_id\": 1345773, \"watch_time\": 0.0, \"duration\": 221.233, \"watch_ratio\": 0.0, \"is_click\": 0, \"is_like\": 0, \"is_share\": 0}",2026-05-03T11:45:04.175+07:00
"{\"event_time\": \"2022-04-29 16:41:34.401\", \"user_id\": 951, \"video_id\": 3406540, \"watch_time\": 1.429, \"duration\": 32.933, \"watch_ratio\": 0.0434, \"is_click\": 0, \"is_like\": 0, \"is_share\": 0}",2026-05-03T11:45:04.217+07:00
"{\"event_time\": \"2022-04-23 23:24:29.291\", \"user_id\": 510, \"video_id\": 4350375, \"watch_time\": 0.0, \"duration\": 0.0, \"watch_ratio\": null, \"is_click\": 0, \"is_like\": 0, \"is_share\": 0}",2026-05-03T11:45:04.238+07:00
"{\"event_time\": \"2022-05-08 14:51:58.298\", \"user_id\": 977, \"video_id\": 1232243, \"watch_time\": 1.966, \"duration\": 179.733, \"watch_ratio\": 0.0109, \"is_click\": 0, \"is_like\": 0, \"is_share\": 0}",2026-05-03T11:45:04.250+07:00
"{\"event_time\": \"2022-05-01 02:43:32.039\", \"user_id\": 552, \"video_id\": 2631044, \"watch_time\": 1.685, \"duration\": 25.433, \"watch_ratio\": 0.0663, \"is_click\": 0, \"is_like\": 0, \"is_share\": 0}",2026-05-03T11:45:04.273+07:00
"{\"event_time\": \"2022-04-28 03:35:24.977\", \"user_id\": 972, \"video_id\": 1688890, \"watch_time\": 0.0, \"duration\": 105.633, \"watch_ratio\": 0.0, \"is_click\": 0, \"is_like\": 0, \"is_share\": 0}",2026-05-03T11:45:04.284+07:00
"{\"event_time\": \"2022-04-29 05:14:28.908\", \"user_id\": 418, \"video_id\": 3898661, \"watch_time\": 5.115, \"duration\": 57.557, \"watch_ratio\": 0.0889, \"is_click\": 0, \"is_like\": 0, \"is_share\": 0}",2026-05-03T11:45:04.329+07:00
"{\"event_time\": \"2022-04-22 06:32:01.461\", \"user_id\": 601, \"video_id\": 1899053, \"watch_time\": 14.19, \"duration\": 25.52, \"watch_ratio\": 0.556, \"is_click\": 1, \"is_like\": 0, \"is_share\": 0}",2026-05-03T11:45:04.361+07:00
"{\"event_time\": \"2022-05-05 17:56:33.256\", \"user_id\": 739, \"video_id\": 2793950, \"watch_time\": 3.053, \"duration\": 15.7, \"watch_ratio\": 0.1945, \"is_click\": 0, \"is_like\": 0, \"is_share\": 0}",2026-05-03T11:45:04.371+07:00
"{\"event_time\": \"2022-04-25 03:29:26.954\", \"user_id\": 793, \"video_id\": 1254928, \"watch_time\": 1.218, \"duration\": 87.16, \"watch_ratio\": 0.014, \"is_click\": 0, \"is_like\": 0, \"is_share\": 0}",2026-05-03T11:45:04.382+07:00
"{\"event_time\": \"2022-04-23 09:33:58.815\", \"user_id\": 49, \"video_id\": 3503719, \"watch_time\": 4.868, \"duration\": 134.9, \"watch_ratio\": 0.0361, \"is_click\": 0, \"is_like\": 0, \"is_share\": 0}",2026-05-03T11:45:04.414+07:00
"{\"event_time\": \"2022-05-04 10:19:11.896\", \"user_id\": 635, \"video_id\": 3142547, \"watch_time\": 0.0, \"duration\": 11.933, \"watch_ratio\": 0.0, \"is_click\": 0, \"is_like\": 0, \"is_share\": 0}",2026-05-03T11:45:04.501+07:00
"{\"event_time\": \"2022-04-25 14:45:53.116\", \"user_id\": 583, \"video_id\": 54568, \"watch_time\": 1.116, \"duration\": 15.4, \"watch_ratio\": 0.0725, \"is_click\": 0, \"is_like\": 0, \"is_share\": 0}",2026-05-03T11:45:04.512+07:00
"{\"event_time\": \"2022-04-29 14:35:33.522\", \"user_id\": 769, \"video_id\": 1494469, \"watch_time\": 1.283, \"duration\": 9.133, \"watch_ratio\": 0.1405, \"is_click\": 0, \"is_like\": 0, \"is_share\": 0}",2026-05-03T11:45:04.546+07:00
"{\"event_time\": \"2022-05-01 10:57:00.189\", \"user_id\": 490, \"video_id\": 2307037, \"watch_time\": 17.263, \"duration\": 42.366, \"watch_ratio\": 0.4075, \"is_click\": 1, \"is_like\": 0, \"is_share\": 0}",2026-05-03T11:45:04.558+07:00
"{\"event_time\": \"2022-05-06 09:29:07.980\", \"user_id\": 890, \"video_id\": 668645, \"watch_time\": 16.618, \"duration\": 7.0, \"watch_ratio\": 1.0, \"is_click\": 1, \"is_like\": 0, \"is_share\": 0}",2026-05-03T11:45:04.623+07:00
"{\"event_time\": \"2022-05-01 05:48:43.582\", \"user_id\": 781, \"video_id\": 4140620, \"watch_time\": 0.0, \"duration\": 253.266, \"watch_ratio\": 0.0, \"is_click\": 0, \"is_like\": 0, \"is_share\": 0}",2026-05-03T11:45:04.634+07:00
"{\"event_time\": \"2022-04-23 03:53:47.290\", \"user_id\": 782, \"video_id\": 4231520, \"watch_time\": 0.0, \"duration\": 0.0, \"watch_ratio\": null, \"is_click\": 0, \"is_like\": 0, \"is_share\": 0}",2026-05-03T11:45:04.708+07:00
"{\"event_time\": \"2022-04-28 02:09:23.394\", \"user_id\": 15, \"video_id\": 334647, \"watch_time\": 9.647, \"duration\": 6.533, \"watch_ratio\": 1.0, \"is_click\": 1, \"is_like\": 0, \"is_share\": 0}",2026-05-03T11:45:04.835+07:00
"{\"event_time\": \"2022-04-24 10:05:39.455\", \"user_id\": 552, \"video_id\": 2900138, \"watch_time\": 110.686, \"duration\": 310.533, \"watch_ratio\": 0.3564, \"is_click\": 1, \"is_like\": 0, \"is_share\": 0}",2026-05-03T11:45:04.879+07:00
"{\"event_time\": \"2022-05-02 08:49:41.035\", \"user_id\": 65, \"video_id\": 1311395, \"watch_time\": 2.452, \"duration\": 286.066, \"watch_ratio\": 0.0086, \"is_click\": 1, \"is_like\": 0, \"is_share\": 0}",2026-05-03T11:45:04.890+07:00
"{\"event_time\": \"2022-04-29 13:11:18.553\", \"user_id\": 814, \"video_id\": 3311878, \"watch_time\": 2.994, \"duration\": 9.2, \"watch_ratio\": 0.3254, \"is_click\": 0, \"is_like\": 0, \"is_share\": 0}",2026-05-03T11:45:04.902+07:00
"{\"event_time\": \"2022-04-29 05:22:01.188\", \"user_id\": 455, \"video_id\": 1978613, \"watch_time\": 1.528, \"duration\": 19.733, \"watch_ratio\": 0.0774, \"is_click\": 0, \"is_like\": 0, \"is_share\": 0}",2026-05-03T11:45:05.012+07:00
"{\"event_time\": \"2022-05-04 17:59:18.256\", \"user_id\": 50, \"video_id\": 2000601, \"watch_time\": 2.435, \"duration\": 49.333, \"watch_ratio\": 0.0494, \"is_click\": 0, \"is_like\": 0, \"is_share\": 0}",2026-05-03T11:45:05.037+07:00
"{\"event_time\": \"2022-05-02 06:01:47.555\", \"user_id\": 961, \"video_id\": 2573670, \"watch_time\": 91.711, \"duration\": 88.966, \"watch_ratio\": 1.0, \"is_click\": 1, \"is_like\": 0, \"is_share\": 0}",2026-05-03T11:45:05.117+07:00
"{\"event_time\": \"2022-04-23 08:24:00.680\", \"user_id\": 587, \"video_id\": 523908, \"watch_time\": 0.0, \"duration\": 21.68, \"watch_ratio\": 0.0, \"is_click\": 0, \"is_like\": 0, \"is_share\": 0}",2026-05-03T11:45:05.171+07:00
"{\"event_time\": \"2022-04-27 14:11:06.403\", \"user_id\": 211, \"video_id\": 2283114, \"watch_time\": 0.0, \"duration\": 52.52, \"watch_ratio\": 0.0, \"is_click\": 0, \"is_like\": 0, \"is_share\": 0}",2026-05-03T11:45:05.184+07:00
"{\"event_time\": \"2022-05-05 23:35:35.878\", \"user_id\": 383, \"video_id\": 3618301, \"watch_time\": 35.734, \"duration\": 39.95, \"watch_ratio\": 0.8945, \"is_click\": 1, \"is_like\": 0, \"is_share\": 0}",2026-05-03T11:45:05.238+07:00
"{\"event_time\": \"2022-05-04 11:37:00.623\", \"user_id\": 600, \"video_id\": 2999264, \"watch_time\": 12.03, \"duration\": 43.133, \"watch_ratio\": 0.2789, \"is_click\": 1, \"is_like\": 0, \"is_share\": 0}",2026-05-03T11:45:05.248+07:00
"{\"event_time\": \"2022-05-04 06:33:14.203\", \"user_id\": 904, \"video_id\": 2044698, \"watch_time\": 75.291, \"duration\": 256.6, \"watch_ratio\": 0.2934, \"is_click\": 1, \"is_like\": 0, \"is_share\": 0}",2026-05-03T11:45:05.284+07:00
"{\"event_time\": \"2022-04-28 13:07:40.763\", \"user_id\": 684, \"video_id\": 2859959, \"watch_time\": 36.319, \"duration\": 64.599, \"watch_ratio\": 0.5622, \"is_click\": 1, \"is_like\": 0, \"is_share\": 0}",2026-05-03T11:45:05.316+07:00
"{\"event_time\": \"2022-04-29 15:34:51.180\", \"user_id\": 282, \"video_id\": 1011465, \"watch_time\": 0.0, \"duration\": 71.566, \"watch_ratio\": 0.0, \"is_click\": 0, \"is_like\": 0, \"is_share\": 0}",2026-05-03T11:45:05.338+07:00
"{\"event_time\": \"2022-04-27 12:59:51.115\", \"user_id\": 976, \"video_id\": 3545438, \"watch_time\": 13.142, \"duration\": 117.033, \"watch_ratio\": 0.1123, \"is_click\": 1, \"is_like\": 0, \"is_share\": 0}",2026-05-03T11:45:05.369+07:00
"{\"event_time\": \"2022-05-03 06:25:03.774\", \"user_id\": 383, \"video_id\": 1268380, \"watch_time\": 4.423, \"duration\": 19.466, \"watch_ratio\": 0.2272, \"is_click\": 0, \"is_like\": 0, \"is_share\": 0}",2026-05-03T11:45:05.401+07:00
"{\"event_time\": \"2022-05-01 21:01:05.143\", \"user_id\": 812, \"video_id\": 3229910, \"watch_time\": 0.842, \"duration\": 239.4, \"watch_ratio\": 0.0035, \"is_click\": 1, \"is_like\": 0, \"is_share\": 0}",2026-05-03T11:45:05.412+07:00
"{\"event_time\": \"2022-04-22 07:44:53.734\", \"user_id\": 58, \"video_id\": 4171023, \"watch_time\": 5.354, \"duration\": 12.96, \"watch_ratio\": 0.4131, \"is_click\": 0, \"is_like\": 0, \"is_share\": 0}",2026-05-03T11:45:05.433+07:00
"{\"event_time\": \"2022-05-04 05:01:31.926\", \"user_id\": 593, \"video_id\": 2790679, \"watch_time\": 91.761, \"duration\": 90.6, \"watch_ratio\": 1.0, \"is_click\": 1, \"is_like\": 0, \"is_share\": 0}",2026-05-03T11:45:05.443+07:00
"{\"event_time\": \"2022-05-02 12:17:17.908\", \"user_id\": 129, \"video_id\": 4148442, \"watch_time\": 82.837, \"duration\": 150.166, \"watch_ratio\": 0.5516, \"is_click\": 1, \"is_like\": 0, \"is_share\": 0}",2026-05-03T11:45:05.485+07:00
"{\"event_time\": \"2022-04-26 12:36:23.439\", \"user_id\": 793, \"video_id\": 1099988, \"watch_time\": 0.0, \"duration\": 0.0, \"watch_ratio\": null, \"is_click\": 0, \"is_like\": 0, \"is_share\": 0}",2026-05-03T11:45:05.496+07:00
"{\"event_time\": \"2022-04-26 13:48:18.518\", \"user_id\": 71, \"video_id\": 4126113, \"watch_time\": 3.541, \"duration\": 0.0, \"watch_ratio\": null, \"is_click\": 1, \"is_like\": 0, \"is_share\": 0}",2026-05-03T11:45:05.507+07:00
"{\"event_time\": \"2022-04-30 10:24:12.349\", \"user_id\": 697, \"video_id\": 1028659, \"watch_time\": 0.0, \"duration\": 900.5, \"watch_ratio\": 0.0, \"is_click\": 0, \"is_like\": 0, \"is_share\": 0}",2026-05-03T11:45:05.548+07:00
"{\"event_time\": \"2022-05-05 12:24:31.214\", \"user_id\": 725, \"video_id\": 1828731, \"watch_time\": 0.0, \"duration\": 14.266, \"watch_ratio\": 0.0, \"is_click\": 0, \"is_like\": 0, \"is_share\": 0}",2026-05-03T11:45:05.559+07:00
"{\"event_time\": \"2022-05-04 09:38:22.669\", \"user_id\": 191, \"video_id\": 3219538, \"watch_time\": 2.481, \"duration\": 6.214, \"watch_ratio\": 0.3993, \"is_click\": 0, \"is_like\": 0, \"is_share\": 0}",2026-05-03T11:45:05.590+07:00
"{\"event_time\": \"2022-04-29 08:18:08.476\", \"user_id\": 972, \"video_id\": 333251, \"watch_time\": 0.0, \"duration\": 0.0, \"watch_ratio\": null, \"is_click\": 0, \"is_like\": 0, \"is_share\": 0}",2026-05-03T11:45:05.600+07:00
"{\"event_time\": \"2022-04-28 03:51:55.499\", \"user_id\": 831, \"video_id\": 1527752, \"watch_time\": 15.526, \"duration\": 7.2, \"watch_ratio\": 1.0, \"is_click\": 1, \"is_like\": 0, \"is_share\": 0}",2026-05-03T11:45:05.611+07:00
"{\"event_time\": \"2022-05-01 03:24:43.384\", \"user_id\": 797, \"video_id\": 2694201, \"watch_time\": 1.278, \"duration\": 11.466, \"watch_ratio\": 0.1115, \"is_click\": 0, \"is_like\": 0, \"is_share\": 0}",2026-05-03T11:45:05.693+07:00
"{\"event_time\": \"2022-05-01 12:54:46.587\", \"user_id\": 67, \"video_id\": 3502084, \"watch_time\": 0.0, \"duration\": 87.087, \"watch_ratio\": 0.0, \"is_click\": 0, \"is_like\": 0, \"is_share\": 0}",2026-05-03T11:45:05.735+07:00
"{\"event_time\": \"2022-05-08 03:47:37.396\", \"user_id\": 782, \"video_id\": 2692993, \"watch_time\": 19.927, \"duration\": 16.433, \"watch_ratio\": 1.0, \"is_click\": 1, \"is_like\": 0, \"is_share\": 0}",2026-05-03T11:45:05.755+07:00
"{\"event_time\": \"2022-05-02 01:46:18.852\", \"user_id\": 759, \"video_id\": 1526086, \"watch_time\": 10.466, \"duration\": 9.65, \"watch_ratio\": 1.0, \"is_click\": 1, \"is_like\": 0, \"is_share\": 0}",2026-05-03T11:45:05.766+07:00
"{\"event_time\": \"2022-05-04 01:32:02.973\", \"user_id\": 94, \"video_id\": 2502190, \"watch_time\": 2.615, \"duration\": 153.318, \"watch_ratio\": 0.0171, \"is_click\": 0, \"is_like\": 0, \"is_share\": 0}",2026-05-03T11:45:05.829+07:00
"{\"event_time\": \"2022-05-04 12:05:13.854\", \"user_id\": 15, \"video_id\": 2747805, \"watch_time\": 39.191, \"duration\": 101.566, \"watch_ratio\": 0.3859, \"is_click\": 1, \"is_like\": 0, \"is_share\": 0}",2026-05-03T11:45:05.861+07:00
"{\"event_time\": \"2022-04-25 13:38:05.075\", \"user_id\": 686, \"video_id\": 4234270, \"watch_time\": 40.479, \"duration\": 38.32, \"watch_ratio\": 1.0, \"is_click\": 1, \"is_like\": 0, \"is_share\": 0}",2026-05-03T11:45:05.892+07:00
"{\"event_time\": \"2022-04-25 04:12:56.991\", \"user_id\": 71, \"video_id\": 4053460, \"watch_time\": 0.0, \"duration\": 0.0, \"watch_ratio\": null, \"is_click\": 0, \"is_like\": 0, \"is_share\": 0}",2026-05-03T11:45:05.934+07:00
"{\"event_time\": \"2022-04-25 08:01:50.611\", \"user_id\": 870, \"video_id\": 541569, \"watch_time\": 10.977, \"duration\": 0.0, \"watch_ratio\": null, \"is_click\": 1, \"is_like\": 0, \"is_share\": 0}",2026-05-03T11:45:05.944+07:00
"{\"event_time\": \"2022-04-23 00:56:20.209\", \"user_id\": 790, \"video_id\": 2594628, \"watch_time\": 22.979, \"duration\": 192.32, \"watch_ratio\": 0.1195, \"is_click\": 1, \"is_like\": 0, \"is_share\": 0}",2026-05-03T11:45:05.965+07:00
"{\"event_time\": \"2022-04-24 14:24:18.297\", \"user_id\": 439, \"video_id\": 224931, \"watch_time\": 0.0, \"duration\": 345.4, \"watch_ratio\": 0.0, \"is_click\": 0, \"is_like\": 0, \"is_share\": 0}",2026-05-03T11:45:05.976+07:00
"{\"event_time\": \"2022-05-07 11:41:57.609\", \"user_id\": 852, \"video_id\": 3096952, \"watch_time\": 1.388, \"duration\": 42.959, \"watch_ratio\": 0.0323, \"is_click\": 0, \"is_like\": 0, \"is_share\": 0}",2026-05-03T11:45:06.028+07:00
"{\"event_time\": \"2022-05-04 11:05:45.885\", \"user_id\": 39, \"video_id\": 4080467, \"watch_time\": 4.034, \"duration\": 48.366, \"watch_ratio\": 0.0834, \"is_click\": 0, \"is_like\": 0, \"is_share\": 0}",2026-05-03T11:45:06.038+07:00
"{\"event_time\": \"2022-04-30 01:16:30.978\", \"user_id\": 924, \"video_id\": 453187, \"watch_time\": 43.504, \"duration\": 44.666, \"watch_ratio\": 0.974, \"is_click\": 1, \"is_like\": 0, \"is_share\": 0}",2026-05-03T11:45:06.048+07:00
"{\"event_time\": \"2022-05-01 03:19:07.381\", \"user_id\": 784, \"video_id\": 3780100, \"watch_time\": 0.0, \"duration\": 111.433, \"watch_ratio\": 0.0, \"is_click\": 0, \"is_like\": 0, \"is_share\": 0}",2026-05-03T11:45:06.059+07:00
"{\"event_time\": \"2022-04-30 07:19:20.000\", \"user_id\": 191, \"video_id\": 1563019, \"watch_time\": 11.681, \"duration\": 6.12, \"watch_ratio\": 1.0, \"is_click\": 1, \"is_like\": 0, \"is_share\": 0}",2026-05-03T11:45:06.162+07:00
"{\"event_time\": \"2022-05-03 08:17:32.299\", \"user_id\": 136, \"video_id\": 3056228, \"watch_time\": 64.057, \"duration\": 66.88, \"watch_ratio\": 0.9578, \"is_click\": 1, \"is_like\": 0, \"is_share\": 0}",2026-05-03T11:45:06.267+07:00
"{\"event_time\": \"2022-04-23 18:09:30.611\", \"user_id\": 664, \"video_id\": 2996459, \"watch_time\": 0.0, \"duration\": 11.935, \"watch_ratio\": 0.0, \"is_click\": 0, \"is_like\": 0, \"is_share\": 0}",2026-05-03T11:45:06.383+07:00
"{\"event_time\": \"2022-04-30 08:13:05.944\", \"user_id\": 919, \"video_id\": 2771392, \"watch_time\": 86.183, \"duration\": 84.866, \"watch_ratio\": 1.0, \"is_click\": 1, \"is_like\": 0, \"is_share\": 0}",2026-05-03T11:45:06.446+07:00
"{\"event_time\": \"2022-05-03 11:25:07.436\", \"user_id\": 627, \"video_id\": 1831084, \"watch_time\": 2.097, \"duration\": 24.6, \"watch_ratio\": 0.0852, \"is_click\": 0, \"is_like\": 0, \"is_share\": 0}",2026-05-03T11:45:06.478+07:00
"{\"event_time\": \"2022-05-02 05:54:42.244\", \"user_id\": 286, \"video_id\": 3005695, \"watch_time\": 0.0, \"duration\": 11.35, \"watch_ratio\": 0.0, \"is_click\": 0, \"is_like\": 0, \"is_share\": 0}",2026-05-03T11:45:06.489+07:00
"{\"event_time\": \"2022-05-02 21:53:10.786\", \"user_id\": 205, \"video_id\": 3444041, \"watch_time\": 0.0, \"duration\": 0.0, \"watch_ratio\": null, \"is_click\": 0, \"is_like\": 0, \"is_share\": 0}",2026-05-03T11:45:06.520+07:00
"{\"event_time\": \"2022-05-08 03:37:41.196\", \"user_id\": 679, \"video_id\": 3316157, \"watch_time\": 8.85, \"duration\": 16.5, \"watch_ratio\": 0.5364, \"is_click\": 1, \"is_like\": 0, \"is_share\": 0}",2026-05-03T11:45:06.542+07:00
"{\"event_time\": \"2022-04-29 11:37:33.161\", \"user_id\": 372, \"video_id\": 1258227, \"watch_time\": 0.0, \"duration\": 93.166, \"watch_ratio\": 0.0, \"is_click\": 0, \"is_like\": 0, \"is_share\": 0}",2026-05-03T11:45:06.576+07:00
"{\"event_time\": \"2022-04-23 02:49:39.844\", \"user_id\": 594, \"video_id\": 975341, \"watch_time\": 0.0, \"duration\": 8.033, \"watch_ratio\": 0.0, \"is_click\": 0, \"is_like\": 0, \"is_share\": 0}",2026-05-03T11:45:06.587+07:00
"{\"event_time\": \"2022-05-03 06:09:28.640\", \"user_id\": 372, \"video_id\": 4122749, \"watch_time\": 202.006, \"duration\": 207.116, \"watch_ratio\": 0.9753, \"is_click\": 1, \"is_like\": 0, \"is_share\": 0}",2026-05-03T11:45:06.621+07:00
"{\"event_time\": \"2022-05-04 22:14:10.714\", \"user_id\": 80, \"video_id\": 3992850, \"watch_time\": 16.134, \"duration\": 8.15, \"watch_ratio\": 1.0, \"is_click\": 1, \"is_like\": 0, \"is_share\": 0}",2026-05-03T11:45:06.669+07:00
"{\"event_time\": \"2022-05-03 05:09:11.023\", \"user_id\": 707, \"video_id\": 270486, \"watch_time\": 66.367, \"duration\": 246.48, \"watch_ratio\": 0.2693, \"is_click\": 1, \"is_like\": 0, \"is_share\": 0}",2026-05-03T11:45:06.682+07:00
"{\"event_time\": \"2022-04-29 04:52:12.280\", \"user_id\": 659, \"video_id\": 1688789, \"watch_time\": 30.352, \"duration\": 15.6, \"watch_ratio\": 1.0, \"is_click\": 1, \"is_like\": 0, \"is_share\": 0}",2026-05-03T11:45:06.693+07:00
"{\"event_time\": \"2022-04-27 17:11:22.363\", \"user_id\": 546, \"video_id\": 1847117, \"watch_time\": 25.109, \"duration\": 157.333, \"watch_ratio\": 0.1596, \"is_click\": 1, \"is_like\": 0, \"is_share\": 0}",2026-05-03T11:45:06.706+07:00
"{\"event_time\": \"2022-04-22 18:02:52.333\", \"user_id\": 110, \"video_id\": 1824514, \"watch_time\": 6.696, \"duration\": 95.4, \"watch_ratio\": 0.0702, \"is_click\": 0, \"is_like\": 0, \"is_share\": 0}",2026-05-03T11:45:06.727+07:00
"{\"event_time\": \"2022-04-27 12:27:08.614\", \"user_id\": 566, \"video_id\": 1080920, \"watch_time\": 30.862, \"duration\": 102.216, \"watch_ratio\": 0.3019, \"is_click\": 1, \"is_like\": 0, \"is_share\": 0}",2026-05-03T11:45:06.748+07:00
"{\"event_time\": \"2022-04-22 11:28:00.495\", \"user_id\": 435, \"video_id\": 3245012, \"watch_time\": 18.316, \"duration\": 6.0, \"watch_ratio\": 1.0, \"is_click\": 1, \"is_like\": 0, \"is_share\": 0}",2026-05-03T11:45:06.773+07:00
"{\"event_time\": \"2022-05-07 22:58:20.582\", \"user_id\": 322, \"video_id\": 4203589, \"watch_time\": 0.0, \"duration\": 46.01, \"watch_ratio\": 0.0, \"is_click\": 0, \"is_like\": 0, \"is_share\": 0}",2026-05-03T11:45:06.783+07:00
"{\"event_time\": \"2022-05-05 06:46:31.469\", \"user_id\": 159, \"video_id\": 1765667, \"watch_time\": 26.646, \"duration\": 8.392, \"watch_ratio\": 1.0, \"is_click\": 1, \"is_like\": 0, \"is_share\": 0}",2026-05-03T11:45:06.859+07:00
"{\"event_time\": \"2022-04-29 00:46:32.525\", \"user_id\": 879, \"video_id\": 1990901, \"watch_time\": 0.256, \"duration\": 6.88, \"watch_ratio\": 0.0372, \"is_click\": 0, \"is_like\": 0, \"is_share\": 0}",2026-05-03T11:45:06.880+07:00
"{\"event_time\": \"2022-05-02 23:25:24.586\", \"user_id\": 614, \"video_id\": 2138780, \"watch_time\": 4.337, \"duration\": 111.944, \"watch_ratio\": 0.0387, \"is_click\": 0, \"is_like\": 0, \"is_share\": 0}",2026-05-03T11:45:06.912+07:00
"{\"event_time\": \"2022-05-08 09:57:53.201\", \"user_id\": 39, \"video_id\": 187739, \"watch_time\": 1.395, \"duration\": 7.633, \"watch_ratio\": 0.1828, \"is_click\": 0, \"is_like\": 0, \"is_share\": 0}",2026-05-03T11:45:06.996+07:00
"{\"event_time\": \"2022-05-03 00:12:25.401\", \"user_id\": 995, \"video_id\": 3915011, \"watch_time\": 2.188, \"duration\": 60.066, \"watch_ratio\": 0.0364, \"is_click\": 0, \"is_like\": 0, \"is_share\": 0}",2026-05-03T11:45:07.017+07:00
"{\"event_time\": \"2022-04-22 04:32:13.986\", \"user_id\": 156, \"video_id\": 2545873, \"watch_time\": 6.881, \"duration\": 261.2, \"watch_ratio\": 0.0263, \"is_click\": 0, \"is_like\": 0, \"is_share\": 0}",2026-05-03T11:45:07.028+07:00
"{\"event_time\": \"2022-05-01 06:35:35.842\", \"user_id\": 153, \"video_id\": 3394845, \"watch_time\": 3.622, \"duration\": 9.966, \"watch_ratio\": 0.3634, \"is_click\": 0, \"is_like\": 0, \"is_share\": 0}",2026-05-03T11:45:07.039+07:00
"{\"event_time\": \"2022-05-05 00:20:57.091\", \"user_id\": 269, \"video_id\": 1730007, \"watch_time\": 42.988, \"duration\": 42.283, \"watch_ratio\": 1.0, \"is_click\": 1, \"is_like\": 0, \"is_share\": 0}",2026-05-03T11:45:07.070+07:00
"{\"event_time\": \"2022-04-29 14:01:07.903\", \"user_id\": 628, \"video_id\": 2229773, \"watch_time\": 14.121, \"duration\": 14.866, \"watch_ratio\": 0.9499, \"is_click\": 1, \"is_like\": 0, \"is_share\": 0}",2026-05-03T11:45:07.083+07:00
"{\"event_time\": \"2022-05-08 06:51:20.189\", \"user_id\": 428, \"video_id\": 1641117, \"watch_time\": 27.02, \"duration\": 34.0, \"watch_ratio\": 0.7947, \"is_click\": 1, \"is_like\": 0, \"is_share\": 0}",2026-05-03T11:45:07.105+07:00
"{\"event_time\": \"2022-05-02 09:25:43.237\", \"user_id\": 366, \"video_id\": 792209, \"watch_time\": 41.509, \"duration\": 73.4, \"watch_ratio\": 0.5655, \"is_click\": 1, \"is_like\": 0, \"is_share\": 0}",2026-05-03T11:45:07.200+07:00
"{\"event_time\": \"2022-04-26 13:03:55.546\", \"user_id\": 299, \"video_id\": 306555, \"watch_time\": 1.635, \"duration\": 137.566, \"watch_ratio\": 0.0119, \"is_click\": 0, \"is_like\": 0, \"is_share\": 0}",2026-05-03T11:45:07.262+07:00
"{\"event_time\": \"2022-04-25 04:29:57.488\", \"user_id\": 589, \"video_id\": 956061, \"watch_time\": 173.555, \"duration\": 172.6, \"watch_ratio\": 1.0, \"is_click\": 1, \"is_like\": 0, \"is_share\": 0}",2026-05-03T11:45:07.272+07:00
"{\"event_time\": \"2022-05-03 16:27:43.154\", \"user_id\": 725, \"video_id\": 3118820, \"watch_time\": 1.423, \"duration\": 0.0, \"watch_ratio\": null, \"is_click\": 0, \"is_like\": 0, \"is_share\": 0}",2026-05-03T11:45:07.303+07:00
"{\"event_time\": \"2022-04-22 09:02:10.603\", \"user_id\": 175, \"video_id\": 2779888, \"watch_time\": 0.0, \"duration\": 16.76, \"watch_ratio\": 0.0, \"is_click\": 0, \"is_like\": 0, \"is_share\": 0}",2026-05-03T11:45:07.334+07:00
"{\"event_time\": \"2022-04-23 16:57:08.367\", \"user_id\": 286, \"video_id\": 1296593, \"watch_time\": 0.0, \"duration\": 131.2, \"watch_ratio\": 0.0, \"is_click\": 0, \"is_like\": 0, \"is_share\": 0}",2026-05-03T11:45:07.355+07:00
"{\"event_time\": \"2022-05-03 12:01:38.148\", \"user_id\": 856, \"video_id\": 3219008, \"watch_time\": 4.014, \"duration\": 0.0, \"watch_ratio\": null, \"is_click\": 1, \"is_like\": 0, \"is_share\": 0}",2026-05-03T11:45:07.439+07:00
"{\"event_time\": \"2022-04-26 10:19:28.393\", \"user_id\": 619, \"video_id\": 1295009, \"watch_time\": 0.662, \"duration\": 24.433, \"watch_ratio\": 0.0271, \"is_click\": 0, \"is_like\": 0, \"is_share\": 0}",2026-05-03T11:45:07.481+07:00
"{\"event_time\": \"2022-04-26 12:34:08.126\", \"user_id\": 858, \"video_id\": 3676425, \"watch_time\": 1.468, \"duration\": 7.0, \"watch_ratio\": 0.2097, \"is_click\": 0, \"is_like\": 0, \"is_share\": 0}",2026-05-03T11:45:07.491+07:00
"{\"event_time\": \"2022-04-24 18:55:30.507\", \"user_id\": 715, \"video_id\": 3844641, \"watch_time\": 55.735, \"duration\": 204.233, \"watch_ratio\": 0.2729, \"is_click\": 1, \"is_like\": 0, \"is_share\": 0}",2026-05-03T11:45:07.501+07:00
"{\"event_time\": \"2022-05-03 16:25:46.660\", \"user_id\": 716, \"video_id\": 1871873, \"watch_time\": 1.193, \"duration\": 15.3, \"watch_ratio\": 0.078, \"is_click\": 0, \"is_like\": 0, \"is_share\": 0}",2026-05-03T11:45:07.512+07:00
"{\"event_time\": \"2022-04-28 02:12:00.481\", \"user_id\": 523, \"video_id\": 2117030, \"watch_time\": 0.749, \"duration\": 92.583, \"watch_ratio\": 0.0081, \"is_click\": 0, \"is_like\": 0, \"is_share\": 0}",2026-05-03T11:45:07.522+07:00
"{\"event_time\": \"2022-04-26 08:52:36.850\", \"user_id\": 543, \"video_id\": 2422515, \"watch_time\": 1.936, \"duration\": 117.4, \"watch_ratio\": 0.0165, \"is_click\": 1, \"is_like\": 0, \"is_share\": 0}",2026-05-03T11:45:07.543+07:00
"{\"event_time\": \"2022-05-05 00:36:34.296\", \"user_id\": 837, \"video_id\": 2073760, \"watch_time\": 11.109, \"duration\": 19.9, \"watch_ratio\": 0.5582, \"is_click\": 1, \"is_like\": 0, \"is_share\": 0}",2026-05-03T11:45:07.594+07:00
"{\"event_time\": \"2022-04-26 00:54:58.436\", \"user_id\": 809, \"video_id\": 1363623, \"watch_time\": 13.856, \"duration\": 10.8, \"watch_ratio\": 1.0, \"is_click\": 1, \"is_like\": 0, \"is_share\": 0}",2026-05-03T11:45:07.605+07:00
"{\"event_time\": \"2022-04-26 11:20:38.988\", \"user_id\": 455, \"video_id\": 697375, \"watch_time\": 12.01, \"duration\": 7.2, \"watch_ratio\": 1.0, \"is_click\": 1, \"is_like\": 0, \"is_share\": 0}",2026-05-03T11:45:07.677+07:00
"{\"event_time\": \"2022-05-07 06:41:41.676\", \"user_id\": 976, \"video_id\": 2418559, \"watch_time\": 4.652, \"duration\": 13.2, \"watch_ratio\": 0.3524, \"is_click\": 0, \"is_like\": 0, \"is_share\": 0}",2026-05-03T11:45:07.698+07:00
"{\"event_time\": \"2022-05-07 18:11:11.213\", \"user_id\": 829, \"video_id\": 1639808, \"watch_time\": 0.0, \"duration\": 11.933, \"watch_ratio\": 0.0, \"is_click\": 0, \"is_like\": 0, \"is_share\": 0}",2026-05-03T11:45:07.708+07:00
"{\"event_time\": \"2022-05-05 22:50:32.312\", \"user_id\": 879, \"video_id\": 817236, \"watch_time\": 0.211, \"duration\": 10.785, \"watch_ratio\": 0.0196, \"is_click\": 0, \"is_like\": 0, \"is_share\": 0}",2026-05-03T11:45:07.729+07:00
"{\"event_time\": \"2022-04-27 15:29:27.898\", \"user_id\": 315, \"video_id\": 4117864, \"watch_time\": 12.088, \"duration\": 180.266, \"watch_ratio\": 0.0671, \"is_click\": 1, \"is_like\": 0, \"is_share\": 0}",2026-05-03T11:45:07.739+07:00
"{\"event_time\": \"2022-04-23 12:31:07.736\", \"user_id\": 213, \"video_id\": 1505011, \"watch_time\": 76.496, \"duration\": 58.616, \"watch_ratio\": 1.0, \"is_click\": 1, \"is_like\": 0, \"is_share\": 0}",2026-05-03T11:45:07.770+07:00
"{\"event_time\": \"2022-04-30 09:34:39.825\", \"user_id\": 202, \"video_id\": 552058, \"watch_time\": 1.004, \"duration\": 0.0, \"watch_ratio\": null, \"is_click\": 0, \"is_like\": 0, \"is_share\": 0}",2026-05-03T11:45:07.780+07:00
"{\"event_time\": \"2022-05-04 04:03:17.040\", \"user_id\": 541, \"video_id\": 2569344, \"watch_time\": 98.313, \"duration\": 102.583, \"watch_ratio\": 0.9584, \"is_click\": 1, \"is_like\": 0, \"is_share\": 1}",2026-05-03T11:45:07.801+07:00
"{\"event_time\": \"2022-05-02 15:34:14.572\", \"user_id\": 232, \"video_id\": 2217411, \"watch_time\": 8.396, \"duration\": 10.439, \"watch_ratio\": 0.8043, \"is_click\": 1, \"is_like\": 0, \"is_share\": 0}",2026-05-03T11:45:07.843+07:00
"{\"event_time\": \"2022-04-25 01:15:41.113\", \"user_id\": 995, \"video_id\": 3345782, \"watch_time\": 0.0, \"duration\": 27.066, \"watch_ratio\": 0.0, \"is_click\": 0, \"is_like\": 0, \"is_share\": 0}",2026-05-03T11:45:07.896+07:00
"{\"event_time\": \"2022-05-06 23:27:18.256\", \"user_id\": 246, \"video_id\": 2710493, \"watch_time\": 0.0, \"duration\": 27.783, \"watch_ratio\": 0.0, \"is_click\": 0, \"is_like\": 0, \"is_share\": 0}",2026-05-03T11:45:07.906+07:00
"{\"event_time\": \"2022-04-28 22:05:17.661\", \"user_id\": 111, \"video_id\": 4048226, \"watch_time\": 2.955, \"duration\": 61.5, \"watch_ratio\": 0.048, \"is_click\": 0, \"is_like\": 0, \"is_share\": 0}",2026-05-03T11:44:04.588+07:00
"{\"event_time\": \"2022-05-03 11:56:38.492\", \"user_id\": 954, \"video_id\": 1321506, \"watch_time\": 0.914, \"duration\": 71.79, \"watch_ratio\": 0.0127, \"is_click\": 0, \"is_like\": 0, \"is_share\": 0}",2026-05-03T11:44:04.599+07:00
"{\"event_time\": \"2022-05-08 12:05:08.286\", \"user_id\": 346, \"video_id\": 1569751, \"watch_time\": 9.363, \"duration\": 8.266, \"watch_ratio\": 1.0, \"is_click\": 1, \"is_like\": 0, \"is_share\": 0}",2026-05-03T11:44:04.630+07:00
"{\"event_time\": \"2022-05-04 12:18:29.569\", \"user_id\": 308, \"video_id\": 354697, \"watch_time\": 1.377, \"duration\": 7.883, \"watch_ratio\": 0.1747, \"is_click\": 0, \"is_like\": 0, \"is_share\": 0}",2026-05-03T11:44:04.661+07:00
"{\"event_time\": \"2022-05-05 03:17:15.351\", \"user_id\": 830, \"video_id\": 797712, \"watch_time\": 48.759, \"duration\": 35.016, \"watch_ratio\": 1.0, \"is_click\": 1, \"is_like\": 0, \"is_share\": 0}",2026-05-03T11:44:04.671+07:00
"{\"event_time\": \"2022-04-23 16:02:39.012\", \"user_id\": 525, \"video_id\": 86618, \"watch_time\": 2.474, \"duration\": 0.0, \"watch_ratio\": null, \"is_click\": 0, \"is_like\": 0, \"is_share\": 0}",2026-05-03T11:44:04.765+07:00
"{\"event_time\": \"2022-05-05 23:43:34.416\", \"user_id\": 879, \"video_id\": 1294292, \"watch_time\": 0.031, \"duration\": 8.6, \"watch_ratio\": 0.0036, \"is_click\": 0, \"is_like\": 0, \"is_share\": 0}",2026-05-03T11:44:04.827+07:00
"{\"event_time\": \"2022-05-02 01:49:53.505\", \"user_id\": 986, \"video_id\": 4214134, \"watch_time\": 5.714, \"duration\": 46.0, \"watch_ratio\": 0.1242, \"is_click\": 0, \"is_like\": 0, \"is_share\": 0}",2026-05-03T11:44:04.837+07:00
"{\"event_time\": \"2022-04-29 10:19:23.799\", \"user_id\": 725, \"video_id\": 699080, \"watch_time\": 0.979, \"duration\": 0.0, \"watch_ratio\": null, \"is_click\": 0, \"is_like\": 0, \"is_share\": 0}",2026-05-03T11:44:04.858+07:00
"{\"event_time\": \"2022-05-07 03:27:58.452\", \"user_id\": 594, \"video_id\": 4035771, \"watch_time\": 1.25, \"duration\": 96.9, \"watch_ratio\": 0.0129, \"is_click\": 0, \"is_like\": 0, \"is_share\": 0}",2026-05-03T11:44:04.879+07:00
"{\"event_time\": \"2022-05-02 23:12:03.580\", \"user_id\": 407, \"video_id\": 1906828, \"watch_time\": 0.0, \"duration\": 9.683, \"watch_ratio\": 0.0, \"is_click\": 0, \"is_like\": 0, \"is_share\": 0}",2026-05-03T11:44:04.889+07:00
"{\"event_time\": \"2022-05-02 15:26:38.929\", \"user_id\": 16, \"video_id\": 3981552, \"watch_time\": 1.258, \"duration\": 18.283, \"watch_ratio\": 0.0688, \"is_click\": 0, \"is_like\": 0, \"is_share\": 0}",2026-05-03T11:44:04.900+07:00
"{\"event_time\": \"2022-04-29 10:41:45.790\", \"user_id\": 677, \"video_id\": 1361786, \"watch_time\": 11.702, \"duration\": 14.482, \"watch_ratio\": 0.808, \"is_click\": 1, \"is_like\": 0, \"is_share\": 0}",2026-05-03T11:44:04.993+07:00
"{\"event_time\": \"2022-05-07 11:28:47.737\", \"user_id\": 672, \"video_id\": 1469266, \"watch_time\": 2.076, \"duration\": 42.166, \"watch_ratio\": 0.0492, \"is_click\": 0, \"is_like\": 0, \"is_share\": 0}",2026-05-03T11:44:05.065+07:00
"{\"event_time\": \"2022-05-06 04:42:19.003\", \"user_id\": 292, \"video_id\": 2232898, \"watch_time\": 12.837, \"duration\": 75.466, \"watch_ratio\": 0.1701, \"is_click\": 1, \"is_like\": 0, \"is_share\": 0}",2026-05-03T11:44:05.168+07:00
"{\"event_time\": \"2022-04-30 07:56:56.517\", \"user_id\": 323, \"video_id\": 2564503, \"watch_time\": 2.382, \"duration\": 10.966, \"watch_ratio\": 0.2172, \"is_click\": 0, \"is_like\": 0, \"is_share\": 0}",2026-05-03T11:44:05.231+07:00
"{\"event_time\": \"2022-05-01 15:19:04.010\", \"user_id\": 967, \"video_id\": 3471455, \"watch_time\": 160.759, \"duration\": 159.766, \"watch_ratio\": 1.0, \"is_click\": 1, \"is_like\": 0, \"is_share\": 0}",2026-05-03T11:44:05.314+07:00
"{\"event_time\": \"2022-05-06 14:06:56.727\", \"user_id\": 134, \"video_id\": 2829615, \"watch_time\": 19.386, \"duration\": 18.375, \"watch_ratio\": 1.0, \"is_click\": 1, \"is_like\": 0, \"is_share\": 0}",2026-05-03T11:44:05.365+07:00
"{\"event_time\": \"2022-05-07 11:24:33.325\", \"user_id\": 954, \"video_id\": 3391715, \"watch_time\": 0.0, \"duration\": 8.0, \"watch_ratio\": 0.0, \"is_click\": 0, \"is_like\": 0, \"is_share\": 0}",2026-05-03T11:44:05.438+07:00
"{\"event_time\": \"2022-05-04 18:28:34.855\", \"user_id\": 50, \"video_id\": 1861874, \"watch_time\": 15.692, \"duration\": 126.084, \"watch_ratio\": 0.1245, \"is_click\": 1, \"is_like\": 0, \"is_share\": 0}",2026-05-03T11:44:05.469+07:00
"{\"event_time\": \"2022-04-27 23:57:10.047\", \"user_id\": 191, \"video_id\": 681051, \"watch_time\": 1.88, \"duration\": 12.733, \"watch_ratio\": 0.1476, \"is_click\": 0, \"is_like\": 0, \"is_share\": 0}",2026-05-03T11:44:05.479+07:00
"{\"event_time\": \"2022-04-22 10:08:28.862\", \"user_id\": 882, \"video_id\": 2414382, \"watch_time\": 32.184, \"duration\": 10.41, \"watch_ratio\": 1.0, \"is_click\": 1, \"is_like\": 0, \"is_share\": 0}",2026-05-03T11:44:05.500+07:00
"{\"event_time\": \"2022-05-05 16:18:14.356\", \"user_id\": 824, \"video_id\": 1165579, \"watch_time\": 6.895, \"duration\": 0.0, \"watch_ratio\": null, \"is_click\": 0, \"is_like\": 0, \"is_share\": 0}",2026-05-03T11:44:05.575+07:00
"{\"event_time\": \"2022-05-05 06:44:17.779\", \"user_id\": 434, \"video_id\": 1626753, \"watch_time\": 0.0, \"duration\": 356.184, \"watch_ratio\": 0.0, \"is_click\": 0, \"is_like\": 0, \"is_share\": 0}",2026-05-03T11:44:05.585+07:00
"{\"event_time\": \"2022-05-02 09:46:42.105\", \"user_id\": 225, \"video_id\": 3950865, \"watch_time\": 11.658, \"duration\": 14.266, \"watch_ratio\": 0.8172, \"is_click\": 1, \"is_like\": 0, \"is_share\": 0}",2026-05-03T11:44:05.596+07:00
"{\"event_time\": \"2022-05-07 14:54:36.398\", \"user_id\": 295, \"video_id\": 2200990, \"watch_time\": 0.0, \"duration\": 147.133, \"watch_ratio\": 0.0, \"is_click\": 0, \"is_like\": 0, \"is_share\": 0}",2026-05-03T11:44:05.628+07:00
"{\"event_time\": \"2022-05-06 00:51:32.655\", \"user_id\": 879, \"video_id\": 677421, \"watch_time\": 0.298, \"duration\": 7.066, \"watch_ratio\": 0.0422, \"is_click\": 0, \"is_like\": 0, \"is_share\": 0}",2026-05-03T11:44:05.638+07:00
"{\"event_time\": \"2022-05-02 15:42:00.031\", \"user_id\": 76, \"video_id\": 1614233, \"watch_time\": 0.0, \"duration\": 38.0, \"watch_ratio\": 0.0, \"is_click\": 0, \"is_like\": 0, \"is_share\": 0}",2026-05-03T11:44:05.660+07:00
"{\"event_time\": \"2022-04-23 07:59:39.786\", \"user_id\": 739, \"video_id\": 1120889, \"watch_time\": 0.0, \"duration\": 423.433, \"watch_ratio\": 0.0, \"is_click\": 0, \"is_like\": 0, \"is_share\": 0}",2026-05-03T11:44:05.701+07:00
"{\"event_time\": \"2022-04-29 13:02:46.910\", \"user_id\": 559, \"video_id\": 1351710, \"watch_time\": 1.554, \"duration\": 259.731, \"watch_ratio\": 0.006, \"is_click\": 0, \"is_like\": 0, \"is_share\": 0}",2026-05-03T11:44:05.712+07:00
"{\"event_time\": \"2022-04-28 01:26:44.716\", \"user_id\": 211, \"video_id\": 1407708, \"watch_time\": 14.075, \"duration\": 0.0, \"watch_ratio\": null, \"is_click\": 1, \"is_like\": 0, \"is_share\": 0}",2026-05-03T11:44:05.753+07:00
"{\"event_time\": \"2022-05-03 16:24:16.751\", \"user_id\": 702, \"video_id\": 2933945, \"watch_time\": 0.0, \"duration\": 7.683, \"watch_ratio\": 0.0, \"is_click\": 0, \"is_like\": 0, \"is_share\": 0}",2026-05-03T11:44:05.836+07:00
"{\"event_time\": \"2022-05-03 00:47:11.605\", \"user_id\": 797, \"video_id\": 503153, \"watch_time\": 4.341, \"duration\": 86.52, \"watch_ratio\": 0.0502, \"is_click\": 0, \"is_like\": 0, \"is_share\": 0}",2026-05-03T11:44:05.857+07:00
"{\"event_time\": \"2022-04-30 19:12:45.153\", \"user_id\": 169, \"video_id\": 3497746, \"watch_time\": 4.641, \"duration\": 11.84, \"watch_ratio\": 0.392, \"is_click\": 0, \"is_like\": 0, \"is_share\": 0}",2026-05-03T11:44:05.867+07:00
"{\"event_time\": \"2022-05-06 06:10:59.964\", \"user_id\": 681, \"video_id\": 3862830, \"watch_time\": 2.224, \"duration\": 27.9, \"watch_ratio\": 0.0797, \"is_click\": 0, \"is_like\": 0, \"is_share\": 0}",2026-05-03T11:44:05.877+07:00
"{\"event_time\": \"2022-04-29 23:36:06.084\", \"user_id\": 68, \"video_id\": 2563666, \"watch_time\": 2.62, \"duration\": 70.32, \"watch_ratio\": 0.0373, \"is_click\": 0, \"is_like\": 0, \"is_share\": 0}",2026-05-03T11:44:05.888+07:00
"{\"event_time\": \"2022-04-27 00:16:59.562\", \"user_id\": 787, \"video_id\": 192145, \"watch_time\": 26.197, \"duration\": 0.0, \"watch_ratio\": null, \"is_click\": 1, \"is_like\": 0, \"is_share\": 0}",2026-05-03T11:44:05.909+07:00
"{\"event_time\": \"2022-04-21 18:54:01.605\", \"user_id\": 791, \"video_id\": 439468, \"watch_time\": 4.353, \"duration\": 324.266, \"watch_ratio\": 0.0134, \"is_click\": 0, \"is_like\": 0, \"is_share\": 0}",2026-05-03T11:44:05.930+07:00
"{\"event_time\": \"2022-04-30 08:08:23.140\", \"user_id\": 403, \"video_id\": 1511975, \"watch_time\": 76.808, \"duration\": 439.76, \"watch_ratio\": 0.1747, \"is_click\": 1, \"is_like\": 0, \"is_share\": 0}",2026-05-03T11:44:05.950+07:00
"{\"event_time\": \"2022-05-06 11:56:55.723\", \"user_id\": 473, \"video_id\": 3629705, \"watch_time\": 4.427, \"duration\": 138.95, \"watch_ratio\": 0.0319, \"is_click\": 0, \"is_like\": 0, \"is_share\": 0}",2026-05-03T11:44:05.981+07:00
"{\"event_time\": \"2022-04-30 02:37:46.139\", \"user_id\": 106, \"video_id\": 2708772, \"watch_time\": 23.519, \"duration\": 36.033, \"watch_ratio\": 0.6527, \"is_click\": 1, \"is_like\": 0, \"is_share\": 0}",2026-05-03T11:44:05.992+07:00
"{\"event_time\": \"2022-04-25 10:06:50.374\", \"user_id\": 695, \"video_id\": 1738220, \"watch_time\": 10.455, \"duration\": 10.266, \"watch_ratio\": 1.0, \"is_click\": 1, \"is_like\": 0, \"is_share\": 0}",2026-05-03T11:44:06.002+07:00
"{\"event_time\": \"2022-05-03 12:28:30.166\", \"user_id\": 868, \"video_id\": 134112, \"watch_time\": 2.01, \"duration\": 7.0, \"watch_ratio\": 0.2871, \"is_click\": 0, \"is_like\": 0, \"is_share\": 0}",2026-05-03T11:44:06.023+07:00
"{\"event_time\": \"2022-04-27 13:05:31.191\", \"user_id\": 177, \"video_id\": 2086325, \"watch_time\": 26.968, \"duration\": 8.433, \"watch_ratio\": 1.0, \"is_click\": 1, \"is_like\": 0, \"is_share\": 0}",2026-05-03T11:44:06.044+07:00
"{\"event_time\": \"2022-04-30 05:10:28.910\", \"user_id\": 462, \"video_id\": 2851959, \"watch_time\": 4.649, \"duration\": 68.0, \"watch_ratio\": 0.0684, \"is_click\": 0, \"is_like\": 0, \"is_share\": 0}",2026-05-03T11:44:06.064+07:00
"{\"event_time\": \"2022-05-02 09:12:17.331\", \"user_id\": 542, \"video_id\": 3591208, \"watch_time\": 4.521, \"duration\": 6.873, \"watch_ratio\": 0.6578, \"is_click\": 0, \"is_like\": 0, \"is_share\": 0}",2026-05-03T11:44:06.106+07:00
"{\"event_time\": \"2022-05-02 08:58:13.413\", \"user_id\": 7, \"video_id\": 2559903, \"watch_time\": 9.05, \"duration\": 8.366, \"watch_ratio\": 1.0, \"is_click\": 1, \"is_like\": 0, \"is_share\": 0}",2026-05-03T11:44:06.116+07:00
"{\"event_time\": \"2022-04-26 12:31:23.617\", \"user_id\": 840, \"video_id\": 1980508, \"watch_time\": 1.114, \"duration\": 4.833, \"watch_ratio\": 0.2305, \"is_click\": 0, \"is_like\": 0, \"is_share\": 0}",2026-05-03T11:44:06.127+07:00
"{\"event_time\": \"2022-05-08 14:12:21.228\", \"user_id\": 357, \"video_id\": 2388760, \"watch_time\": 0.0, \"duration\": 97.333, \"watch_ratio\": 0.0, \"is_click\": 0, \"is_like\": 0, \"is_share\": 0}",2026-05-03T11:44:06.137+07:00
"{\"event_time\": \"2022-05-07 05:18:54.970\", \"user_id\": 166, \"video_id\": 2121020, \"watch_time\": 3.565, \"duration\": 18.166, \"watch_ratio\": 0.1962, \"is_click\": 1, \"is_like\": 0, \"is_share\": 0}",2026-05-03T11:44:06.178+07:00
"{\"event_time\": \"2022-05-06 01:01:04.628\", \"user_id\": 453, \"video_id\": 2732220, \"watch_time\": 19.356, \"duration\": 60.131, \"watch_ratio\": 0.3219, \"is_click\": 1, \"is_like\": 0, \"is_share\": 0}",2026-05-03T11:44:06.189+07:00
"{\"event_time\": \"2022-05-06 11:46:17.409\", \"user_id\": 702, \"video_id\": 1586734, \"watch_time\": 2.08, \"duration\": 85.562, \"watch_ratio\": 0.0243, \"is_click\": 0, \"is_like\": 0, \"is_share\": 0}",2026-05-03T11:44:06.251+07:00
"{\"event_time\": \"2022-04-28 01:47:21.635\", \"user_id\": 862, \"video_id\": 370666, \"watch_time\": 0.0, \"duration\": 10.666, \"watch_ratio\": 0.0, \"is_click\": 0, \"is_like\": 0, \"is_share\": 0}",2026-05-03T11:44:06.282+07:00
"{\"event_time\": \"2022-04-23 07:50:49.201\", \"user_id\": 216, \"video_id\": 2370120, \"watch_time\": 3.66, \"duration\": 7.066, \"watch_ratio\": 0.518, \"is_click\": 0, \"is_like\": 0, \"is_share\": 0}",2026-05-03T11:44:06.302+07:00
"{\"event_time\": \"2022-05-02 01:21:24.606\", \"user_id\": 346, \"video_id\": 2740235, \"watch_time\": 8.068, \"duration\": 20.0, \"watch_ratio\": 0.4034, \"is_click\": 1, \"is_like\": 1, \"is_share\": 0}",2026-05-03T11:44:06.333+07:00
"{\"event_time\": \"2022-04-25 06:04:42.209\", \"user_id\": 973, \"video_id\": 321772, \"watch_time\": 0.0, \"duration\": 42.56, \"watch_ratio\": 0.0, \"is_click\": 0, \"is_like\": 0, \"is_share\": 0}",2026-05-03T11:44:06.375+07:00
"{\"event_time\": \"2022-04-29 18:28:01.216\", \"user_id\": 222, \"video_id\": 761357, \"watch_time\": 44.073, \"duration\": 218.846, \"watch_ratio\": 0.2014, \"is_click\": 1, \"is_like\": 0, \"is_share\": 0}",2026-05-03T11:44:06.385+07:00
"{\"event_time\": \"2022-05-05 17:46:07.338\", \"user_id\": 703, \"video_id\": 1476289, \"watch_time\": 0.0, \"duration\": 9.5, \"watch_ratio\": 0.0, \"is_click\": 0, \"is_like\": 0, \"is_share\": 0}",2026-05-03T11:44:06.405+07:00
"{\"event_time\": \"2022-04-30 10:48:14.651\", \"user_id\": 607, \"video_id\": 3699980, \"watch_time\": 13.802, \"duration\": 12.846, \"watch_ratio\": 1.0, \"is_click\": 1, \"is_like\": 0, \"is_share\": 0}",2026-05-03T11:44:06.426+07:00
"{\"event_time\": \"2022-04-25 12:48:18.963\", \"user_id\": 802, \"video_id\": 4317583, \"watch_time\": 68.676, \"duration\": 65.766, \"watch_ratio\": 1.0, \"is_click\": 1, \"is_like\": 0, \"is_share\": 0}",2026-05-03T11:44:06.447+07:00
"{\"event_time\": \"2022-04-27 06:26:00.471\", \"user_id\": 770, \"video_id\": 4125059, \"watch_time\": 0.0, \"duration\": 23.172, \"watch_ratio\": 0.0, \"is_click\": 0, \"is_like\": 0, \"is_share\": 0}",2026-05-03T11:44:06.457+07:00
"{\"event_time\": \"2022-05-04 04:50:58.370\", \"user_id\": 540, \"video_id\": 3517378, \"watch_time\": 1.095, \"duration\": 119.366, \"watch_ratio\": 0.0092, \"is_click\": 0, \"is_like\": 0, \"is_share\": 0}",2026-05-03T11:44:06.488+07:00
"{\"event_time\": \"2022-05-07 14:19:02.887\", \"user_id\": 73, \"video_id\": 3964088, \"watch_time\": 18.53, \"duration\": 27.066, \"watch_ratio\": 0.6846, \"is_click\": 1, \"is_like\": 0, \"is_share\": 0}",2026-05-03T11:44:06.499+07:00
"{\"event_time\": \"2022-04-23 01:38:26.119\", \"user_id\": 911, \"video_id\": 3866582, \"watch_time\": 2.012, \"duration\": 17.833, \"watch_ratio\": 0.1128, \"is_click\": 0, \"is_like\": 0, \"is_share\": 0}",2026-05-03T11:44:06.529+07:00
"{\"event_time\": \"2022-05-06 12:24:11.437\", \"user_id\": 920, \"video_id\": 701046, \"watch_time\": 0.0, \"duration\": 300.133, \"watch_ratio\": 0.0, \"is_click\": 0, \"is_like\": 0, \"is_share\": 0}",2026-05-03T11:44:06.540+07:00
"{\"event_time\": \"2022-05-07 00:51:01.438\", \"user_id\": 370, \"video_id\": 227108, \"watch_time\": 34.131, \"duration\": 31.866, \"watch_ratio\": 1.0, \"is_click\": 1, \"is_like\": 0, \"is_share\": 0}",2026-05-03T11:44:06.550+07:00
"{\"event_time\": \"2022-05-07 11:17:38.984\", \"user_id\": 923, \"video_id\": 4161616, \"watch_time\": 3.876, \"duration\": 0.0, \"watch_ratio\": null, \"is_click\": 0, \"is_like\": 0, \"is_share\": 0}",2026-05-03T11:44:06.561+07:00
"{\"event_time\": \"2022-04-28 17:04:26.686\", \"user_id\": 325, \"video_id\": 1610714, \"watch_time\": 1.077, \"duration\": 82.44, \"watch_ratio\": 0.0131, \"is_click\": 0, \"is_like\": 0, \"is_share\": 0}",2026-05-03T11:44:06.612+07:00
"{\"event_time\": \"2022-04-24 07:40:43.011\", \"user_id\": 154, \"video_id\": 75577, \"watch_time\": 7.47, \"duration\": 5.4, \"watch_ratio\": 1.0, \"is_click\": 1, \"is_like\": 0, \"is_share\": 0}",2026-05-03T11:44:06.685+07:00
"{\"event_time\": \"2022-05-06 05:29:23.778\", \"user_id\": 990, \"video_id\": 1237371, \"watch_time\": 1.606, \"duration\": 19.92, \"watch_ratio\": 0.0806, \"is_click\": 0, \"is_like\": 0, \"is_share\": 0}",2026-05-03T11:44:06.716+07:00
"{\"event_time\": \"2022-05-03 09:39:49.155\", \"user_id\": 176, \"video_id\": 1340675, \"watch_time\": 6.071, \"duration\": 8.033, \"watch_ratio\": 0.7558, \"is_click\": 0, \"is_like\": 0, \"is_share\": 0}",2026-05-03T11:44:06.726+07:00
"{\"event_time\": \"2022-05-07 08:39:20.103\", \"user_id\": 856, \"video_id\": 3808459, \"watch_time\": 1.234, \"duration\": 0.0, \"watch_ratio\": null, \"is_click\": 0, \"is_like\": 0, \"is_share\": 0}",2026-05-03T11:44:06.779+07:00
"{\"event_time\": \"2022-04-23 06:59:35.766\", \"user_id\": 122, \"video_id\": 3042204, \"watch_time\": 1.398, \"duration\": 12.516, \"watch_ratio\": 0.1117, \"is_click\": 0, \"is_like\": 0, \"is_share\": 0}",2026-05-03T11:44:06.811+07:00
"{\"event_time\": \"2022-05-03 10:55:06.640\", \"user_id\": 283, \"video_id\": 1677737, \"watch_time\": 1.878, \"duration\": 562.56, \"watch_ratio\": 0.0033, \"is_click\": 0, \"is_like\": 0, \"is_share\": 0}",2026-05-03T11:44:06.864+07:00
"{\"event_time\": \"2022-05-01 02:49:14.531\", \"user_id\": 781, \"video_id\": 511643, \"watch_time\": 10.0, \"duration\": 10.833, \"watch_ratio\": 0.9231, \"is_click\": 1, \"is_like\": 0, \"is_share\": 0}",2026-05-03T11:44:06.885+07:00
"{\"event_time\": \"2022-05-05 12:17:12.262\", \"user_id\": 944, \"video_id\": 2621231, \"watch_time\": 4.449, \"duration\": 298.566, \"watch_ratio\": 0.0149, \"is_click\": 0, \"is_like\": 0, \"is_share\": 0}",2026-05-03T11:44:06.896+07:00
"{\"event_time\": \"2022-04-26 11:17:04.493\", \"user_id\": 118, \"video_id\": 2458826, \"watch_time\": 0.0, \"duration\": 42.933, \"watch_ratio\": 0.0, \"is_click\": 0, \"is_like\": 0, \"is_share\": 0}",2026-05-03T11:44:06.916+07:00
"{\"event_time\": \"2022-05-06 00:24:44.136\", \"user_id\": 879, \"video_id\": 3000767, \"watch_time\": 51.201, \"duration\": 148.501, \"watch_ratio\": 0.3448, \"is_click\": 1, \"is_like\": 0, \"is_share\": 0}",2026-05-03T11:44:06.927+07:00
"{\"event_time\": \"2022-05-04 04:09:13.778\", \"user_id\": 391, \"video_id\": 2755712, \"watch_time\": 30.341, \"duration\": 208.916, \"watch_ratio\": 0.1452, \"is_click\": 1, \"is_like\": 0, \"is_share\": 0}",2026-05-03T11:44:06.989+07:00
"{\"event_time\": \"2022-04-26 02:40:06.594\", \"user_id\": 240, \"video_id\": 1702907, \"watch_time\": 0.747, \"duration\": 13.466, \"watch_ratio\": 0.0555, \"is_click\": 0, \"is_like\": 0, \"is_share\": 0}",2026-05-03T11:44:07.020+07:00
"{\"event_time\": \"2022-04-30 14:51:21.765\", \"user_id\": 712, \"video_id\": 1002115, \"watch_time\": 11.159, \"duration\": 9.866, \"watch_ratio\": 1.0, \"is_click\": 1, \"is_like\": 0, \"is_share\": 0}",2026-05-03T11:44:07.030+07:00
"{\"event_time\": \"2022-04-23 00:16:38.190\", \"user_id\": 831, \"video_id\": 1309719, \"watch_time\": 25.443, \"duration\": 38.666, \"watch_ratio\": 0.658, \"is_click\": 1, \"is_like\": 0, \"is_share\": 0}",2026-05-03T11:44:07.072+07:00
"{\"event_time\": \"2022-05-04 09:31:20.191\", \"user_id\": 413, \"video_id\": 2229794, \"watch_time\": 0.0, \"duration\": 16.566, \"watch_ratio\": 0.0, \"is_click\": 0, \"is_like\": 0, \"is_share\": 0}",2026-05-03T11:44:07.082+07:00
"{\"event_time\": \"2022-05-05 03:00:48.057\", \"user_id\": 920, \"video_id\": 2036769, \"watch_time\": 0.0, \"duration\": 8.933, \"watch_ratio\": 0.0, \"is_click\": 0, \"is_like\": 0, \"is_share\": 0}",2026-05-03T11:44:07.123+07:00
"{\"event_time\": \"2022-04-22 11:48:02.210\", \"user_id\": 21, \"video_id\": 1728830, \"watch_time\": 4.02, \"duration\": 184.6, \"watch_ratio\": 0.0218, \"is_click\": 0, \"is_like\": 0, \"is_share\": 0}",2026-05-03T11:44:07.134+07:00
"{\"event_time\": \"2022-04-27 13:53:31.595\", \"user_id\": 852, \"video_id\": 3119437, \"watch_time\": 7.187, \"duration\": 0.0, \"watch_ratio\": null, \"is_click\": 1, \"is_like\": 0, \"is_share\": 0}",2026-05-03T11:44:07.144+07:00
"{\"event_time\": \"2022-05-04 01:37:20.343\", \"user_id\": 427, \"video_id\": 1661798, \"watch_time\": 15.977, \"duration\": 17.466, \"watch_ratio\": 0.9147, \"is_click\": 1, \"is_like\": 0, \"is_share\": 0}",2026-05-03T11:44:07.186+07:00
"{\"event_time\": \"2022-04-30 17:32:28.047\", \"user_id\": 640, \"video_id\": 4227369, \"watch_time\": 9.554, \"duration\": 7.675, \"watch_ratio\": 1.0, \"is_click\": 1, \"is_like\": 0, \"is_share\": 0}",2026-05-03T11:44:07.268+07:00
"{\"event_time\": \"2022-04-30 11:30:13.484\", \"user_id\": 920, \"video_id\": 477685, \"watch_time\": 0.0, \"duration\": 166.8, \"watch_ratio\": 0.0, \"is_click\": 0, \"is_like\": 0, \"is_share\": 0}",2026-05-03T11:44:07.300+07:00
"{\"event_time\": \"2022-04-23 08:26:46.213\", \"user_id\": 495, \"video_id\": 1466840, \"watch_time\": 6.555, \"duration\": 8.119, \"watch_ratio\": 0.8074, \"is_click\": 0, \"is_like\": 0, \"is_share\": 0}",2026-05-03T11:44:07.310+07:00
"{\"event_time\": \"2022-05-08 12:54:35.328\", \"user_id\": 322, \"video_id\": 1699706, \"watch_time\": 1.496, \"duration\": 80.8, \"watch_ratio\": 0.0185, \"is_click\": 0, \"is_like\": 0, \"is_share\": 0}",2026-05-03T11:44:07.372+07:00
"{\"event_time\": \"2022-04-30 10:36:23.043\", \"user_id\": 473, \"video_id\": 4029012, \"watch_time\": 10.736, \"duration\": 10.3, \"watch_ratio\": 1.0, \"is_click\": 1, \"is_like\": 0, \"is_share\": 0}",2026-05-03T11:44:07.435+07:00
"{\"event_time\": \"2022-05-02 10:21:25.398\", \"user_id\": 734, \"video_id\": 972476, \"watch_time\": 0.768, \"duration\": 30.0, \"watch_ratio\": 0.0256, \"is_click\": 0, \"is_like\": 0, \"is_share\": 0}",2026-05-03T11:44:07.486+07:00
"{\"event_time\": \"2022-05-05 09:05:37.470\", \"user_id\": 410, \"video_id\": 3745976, \"watch_time\": 3.823, \"duration\": 29.6, \"watch_ratio\": 0.1292, \"is_click\": 0, \"is_like\": 0, \"is_share\": 0}",2026-05-03T11:44:07.497+07:00
"{\"event_time\": \"2022-05-01 10:00:55.086\", \"user_id\": 0, \"video_id\": 1386275, \"watch_time\": 117.238, \"duration\": 21.133, \"watch_ratio\": 1.0, \"is_click\": 1, \"is_like\": 0, \"is_share\": 0}",2026-05-03T11:44:07.538+07:00
"{\"event_time\": \"2022-04-25 04:59:52.748\", \"user_id\": 157, \"video_id\": 3209425, \"watch_time\": 2.926, \"duration\": 6.733, \"watch_ratio\": 0.4346, \"is_click\": 0, \"is_like\": 0, \"is_share\": 0}",2026-05-03T11:44:07.559+07:00
"{\"event_time\": \"2022-05-04 04:17:22.447\", \"user_id\": 788, \"video_id\": 3235326, \"watch_time\": 1.998, \"duration\": 12.166, \"watch_ratio\": 0.1642, \"is_click\": 0, \"is_like\": 0, \"is_share\": 0}",2026-05-03T11:44:07.580+07:00
"{\"event_time\": \"2022-04-24 10:49:14.359\", \"user_id\": 401, \"video_id\": 105510, \"watch_time\": 15.613, \"duration\": 54.3, \"watch_ratio\": 0.2875, \"is_click\": 1, \"is_like\": 0, \"is_share\": 0}",2026-05-03T11:44:07.623+07:00
"{\"event_time\": \"2022-04-30 11:51:36.798\", \"user_id\": 996, \"video_id\": 189488, \"watch_time\": 1.694, \"duration\": 349.5, \"watch_ratio\": 0.0048, \"is_click\": 0, \"is_like\": 0, \"is_share\": 0}",2026-05-03T11:44:07.697+07:00
"{\"event_time\": \"2022-04-23 10:34:08.468\", \"user_id\": 329, \"video_id\": 372922, \"watch_time\": 81.921, \"duration\": 78.375, \"watch_ratio\": 1.0, \"is_click\": 1, \"is_like\": 0, \"is_share\": 0}",2026-05-03T11:44:07.708+07:00
"{\"event_time\": \"2022-04-25 00:59:18.537\", \"user_id\": 142, \"video_id\": 1267407, \"watch_time\": 37.716, \"duration\": 192.533, \"watch_ratio\": 0.1959, \"is_click\": 1, \"is_like\": 0, \"is_share\": 0}",2026-05-03T11:44:07.718+07:00
"{\"event_time\": \"2022-04-27 23:33:32.893\", \"user_id\": 447, \"video_id\": 4158172, \"watch_time\": 0.0, \"duration\": 40.0, \"watch_ratio\": 0.0, \"is_click\": 0, \"is_like\": 0, \"is_share\": 0}",2026-05-03T11:44:07.770+07:00
"{\"event_time\": \"2022-05-04 09:57:41.693\", \"user_id\": 128, \"video_id\": 2021969, \"watch_time\": 0.0, \"duration\": 20.9, \"watch_ratio\": 0.0, \"is_click\": 0, \"is_like\": 0, \"is_share\": 0}",2026-05-03T11:44:07.801+07:00
"{\"event_time\": \"2022-05-01 07:26:06.326\", \"user_id\": 71, \"video_id\": 1952517, \"watch_time\": 0.0, \"duration\": 0.0, \"watch_ratio\": null, \"is_click\": 0, \"is_like\": 0, \"is_share\": 0}",2026-05-03T11:44:07.822+07:00
"{\"event_time\": \"2022-04-30 04:34:56.181\", \"user_id\": 725, \"video_id\": 4242657, \"watch_time\": 0.0, \"duration\": 37.066, \"watch_ratio\": 0.0, \"is_click\": 0, \"is_like\": 0, \"is_share\": 0}",2026-05-03T11:44:07.832+07:00
"{\"event_time\": \"2022-04-26 09:04:57.824\", \"user_id\": 859, \"video_id\": 275078, \"watch_time\": 0.0, \"duration\": 146.233, \"watch_ratio\": 0.0, \"is_click\": 0, \"is_like\": 0, \"is_share\": 0}",2026-05-03T11:44:07.842+07:00
"{\"event_time\": \"2022-05-02 04:35:25.332\", \"user_id\": 366, \"video_id\": 4259594, \"watch_time\": 1.395, \"duration\": 36.44, \"watch_ratio\": 0.0383, \"is_click\": 0, \"is_like\": 0, \"is_share\": 0}",2026-05-03T11:44:07.915+07:00
"{\"event_time\": \"2022-04-25 05:40:42.594\", \"user_id\": 68, \"video_id\": 672804, \"watch_time\": 1.36, \"duration\": 15.066, \"watch_ratio\": 0.0903, \"is_click\": 0, \"is_like\": 0, \"is_share\": 0}",2026-05-03T11:44:07.925+07:00
"{\"event_time\": \"2022-04-25 10:26:04.887\", \"user_id\": 366, \"video_id\": 2481934, \"watch_time\": 0.943, \"duration\": 151.566, \"watch_ratio\": 0.0062, \"is_click\": 0, \"is_like\": 0, \"is_share\": 0}",2026-05-03T11:44:07.997+07:00
"{\"event_time\": \"2022-05-07 17:12:57.811\", \"user_id\": 300, \"video_id\": 2884272, \"watch_time\": 1.15, \"duration\": 13.983, \"watch_ratio\": 0.0822, \"is_click\": 1, \"is_like\": 0, \"is_share\": 0}",2026-05-03T11:44:08.008+07:00
"{\"event_time\": \"2022-04-24 06:36:02.606\", \"user_id\": 134, \"video_id\": 2326772, \"watch_time\": 12.878, \"duration\": 13.3, \"watch_ratio\": 0.9683, \"is_click\": 1, \"is_like\": 0, \"is_share\": 0}",2026-05-03T11:44:08.018+07:00
"{\"event_time\": \"2022-04-25 05:20:49.925\", \"user_id\": 449, \"video_id\": 602000, \"watch_time\": 20.492, \"duration\": 0.0, \"watch_ratio\": null, \"is_click\": 1, \"is_like\": 1, \"is_share\": 0}",2026-05-03T11:44:08.142+07:00
"{\"event_time\": \"2022-04-26 08:47:55.087\", \"user_id\": 230, \"video_id\": 2345252, \"watch_time\": 7.95, \"duration\": 43.733, \"watch_ratio\": 0.1818, \"is_click\": 1, \"is_like\": 0, \"is_share\": 0}",2026-05-03T11:44:08.152+07:00
"{\"event_time\": \"2022-05-03 01:39:07.166\", \"user_id\": 64, \"video_id\": 964208, \"watch_time\": 4.798, \"duration\": 91.666, \"watch_ratio\": 0.0523, \"is_click\": 0, \"is_like\": 0, \"is_share\": 0}",2026-05-03T11:44:08.163+07:00
"{\"event_time\": \"2022-04-24 19:28:20.849\", \"user_id\": 325, \"video_id\": 3804378, \"watch_time\": 1.784, \"duration\": 11.85, \"watch_ratio\": 0.1505, \"is_click\": 0, \"is_like\": 0, \"is_share\": 0}",2026-05-03T11:44:08.215+07:00
"{\"event_time\": \"2022-05-01 04:17:10.173\", \"user_id\": 0, \"video_id\": 1493223, \"watch_time\": 1.528, \"duration\": 300.0, \"watch_ratio\": 0.0051, \"is_click\": 0, \"is_like\": 0, \"is_share\": 0}",2026-05-03T11:44:08.256+07:00
"{\"event_time\": \"2022-04-24 01:08:24.010\", \"user_id\": 924, \"video_id\": 3363337, \"watch_time\": 0.0, \"duration\": 60.067, \"watch_ratio\": 0.0, \"is_click\": 0, \"is_like\": 0, \"is_share\": 0}",2026-05-03T11:44:08.267+07:00
"{\"event_time\": \"2022-04-30 00:06:20.538\", \"user_id\": 344, \"video_id\": 4160370, \"watch_time\": 10.319, \"duration\": 9.466, \"watch_ratio\": 1.0, \"is_click\": 1, \"is_like\": 0, \"is_share\": 0}",2026-05-03T11:44:08.277+07:00
"{\"event_time\": \"2022-05-04 10:15:46.283\", \"user_id\": 304, \"video_id\": 1732375, \"watch_time\": 26.011, \"duration\": 24.8, \"watch_ratio\": 1.0, \"is_click\": 1, \"is_like\": 0, \"is_share\": 0}",2026-05-03T11:44:08.287+07:00
"{\"event_time\": \"2022-05-06 05:28:23.108\", \"user_id\": 15, \"video_id\": 357959, \"watch_time\": 9.059, \"duration\": 0.0, \"watch_ratio\": null, \"is_click\": 1, \"is_like\": 0, \"is_share\": 0}",2026-05-03T11:44:08.308+07:00
"{\"event_time\": \"2022-05-04 01:06:21.177\", \"user_id\": 145, \"video_id\": 3009398, \"watch_time\": 2.195, \"duration\": 70.8, \"watch_ratio\": 0.031, \"is_click\": 0, \"is_like\": 0, \"is_share\": 0}",2026-05-03T11:44:08.318+07:00
"{\"event_time\": \"2022-05-08 10:02:02.890\", \"user_id\": 542, \"video_id\": 965262, \"watch_time\": 4.748, \"duration\": 92.916, \"watch_ratio\": 0.0511, \"is_click\": 0, \"is_like\": 0, \"is_share\": 0}",2026-05-03T11:44:08.339+07:00
"{\"event_time\": \"2022-05-07 10:23:32.387\", \"user_id\": 225, \"video_id\": 1846093, \"watch_time\": 73.293, \"duration\": 73.733, \"watch_ratio\": 0.994, \"is_click\": 1, \"is_like\": 0, \"is_share\": 0}",2026-05-03T11:44:08.349+07:00
"{\"event_time\": \"2022-04-22 23:34:07.306\", \"user_id\": 457, \"video_id\": 2580716, \"watch_time\": 16.568, \"duration\": 23.133, \"watch_ratio\": 0.7162, \"is_click\": 1, \"is_like\": 0, \"is_share\": 0}",2026-05-03T11:44:08.380+07:00
"{\"event_time\": \"2022-04-24 14:33:13.210\", \"user_id\": 769, \"video_id\": 1127012, \"watch_time\": 2.346, \"duration\": 0.0, \"watch_ratio\": null, \"is_click\": 0, \"is_like\": 1, \"is_share\": 0}",2026-05-03T11:44:08.421+07:00
"{\"event_time\": \"2022-05-01 09:47:28.393\", \"user_id\": 967, \"video_id\": 306339, \"watch_time\": 15.956, \"duration\": 8.433, \"watch_ratio\": 1.0, \"is_click\": 1, \"is_like\": 0, \"is_share\": 0}",2026-05-03T11:44:08.464+07:00
"{\"event_time\": \"2022-04-26 03:46:07.986\", \"user_id\": 734, \"video_id\": 4146565, \"watch_time\": 1.529, \"duration\": 252.366, \"watch_ratio\": 0.0061, \"is_click\": 0, \"is_like\": 0, \"is_share\": 0}",2026-05-03T11:44:08.506+07:00
"{\"event_time\": \"2022-04-25 10:48:59.896\", \"user_id\": 602, \"video_id\": 417979, \"watch_time\": 3.961, \"duration\": 111.4, \"watch_ratio\": 0.0356, \"is_click\": 0, \"is_like\": 0, \"is_share\": 0}",2026-05-03T11:44:08.517+07:00
"{\"event_time\": \"2022-04-28 10:53:14.759\", \"user_id\": 662, \"video_id\": 787272, \"watch_time\": 2.674, \"duration\": 153.85, \"watch_ratio\": 0.0174, \"is_click\": 0, \"is_like\": 0, \"is_share\": 0}",2026-05-03T11:44:08.538+07:00
"{\"event_time\": \"2022-05-08 11:38:32.749\", \"user_id\": 710, \"video_id\": 1438481, \"watch_time\": 20.584, \"duration\": 40.366, \"watch_ratio\": 0.5099, \"is_click\": 1, \"is_like\": 0, \"is_share\": 0}",2026-05-03T11:44:08.613+07:00
"{\"event_time\": \"2022-04-23 00:31:51.010\", \"user_id\": 709, \"video_id\": 2668497, \"watch_time\": 48.27, \"duration\": 84.283, \"watch_ratio\": 0.5727, \"is_click\": 1, \"is_like\": 0, \"is_share\": 0}",2026-05-03T11:44:08.633+07:00
"{\"event_time\": \"2022-05-06 15:27:17.630\", \"user_id\": 169, \"video_id\": 4263430, \"watch_time\": 0.0, \"duration\": 32.5, \"watch_ratio\": 0.0, \"is_click\": 0, \"is_like\": 0, \"is_share\": 0}",2026-05-03T11:44:08.685+07:00
"{\"event_time\": \"2022-04-23 21:48:36.888\", \"user_id\": 578, \"video_id\": 2954374, \"watch_time\": 9.99, \"duration\": 7.133, \"watch_ratio\": 1.0, \"is_click\": 1, \"is_like\": 0, \"is_share\": 0}",2026-05-03T11:44:08.727+07:00
"{\"event_time\": \"2022-05-08 00:34:49.445\", \"user_id\": 204, \"video_id\": 2128848, \"watch_time\": 48.436, \"duration\": 25.133, \"watch_ratio\": 1.0, \"is_click\": 1, \"is_like\": 0, \"is_share\": 0}",2026-05-03T11:44:08.768+07:00
"{\"event_time\": \"2022-05-07 12:02:21.169\", \"user_id\": 893, \"video_id\": 4208295, \"watch_time\": 1.802, \"duration\": 11.5, \"watch_ratio\": 0.1567, \"is_click\": 0, \"is_like\": 0, \"is_share\": 0}",2026-05-03T11:44:08.830+07:00
"{\"event_time\": \"2022-04-27 08:28:30.844\", \"user_id\": 856, \"video_id\": 127520, \"watch_time\": 0.0, \"duration\": 147.366, \"watch_ratio\": 0.0, \"is_click\": 0, \"is_like\": 0, \"is_share\": 0}",2026-05-03T11:44:08.840+07:00
"{\"event_time\": \"2022-05-02 23:08:57.748\", \"user_id\": 744, \"video_id\": 43500, \"watch_time\": 3.808, \"duration\": 10.733, \"watch_ratio\": 0.3548, \"is_click\": 0, \"is_like\": 0, \"is_share\": 0}",2026-05-03T11:44:08.861+07:00
"{\"event_time\": \"2022-05-07 03:53:43.779\", \"user_id\": 720, \"video_id\": 160553, \"watch_time\": 4.242, \"duration\": 190.0, \"watch_ratio\": 0.0223, \"is_click\": 0, \"is_like\": 0, \"is_share\": 0}",2026-05-03T11:44:08.882+07:00
"{\"event_time\": \"2022-05-08 09:36:07.849\", \"user_id\": 540, \"video_id\": 1625266, \"watch_time\": 0.999, \"duration\": 5.533, \"watch_ratio\": 0.1806, \"is_click\": 0, \"is_like\": 0, \"is_share\": 0}",2026-05-03T11:44:08.923+07:00
"{\"event_time\": \"2022-04-26 04:38:11.845\", \"user_id\": 26, \"video_id\": 20891, \"watch_time\": 0.0, \"duration\": 44.033, \"watch_ratio\": 0.0, \"is_click\": 0, \"is_like\": 0, \"is_share\": 0}",2026-05-03T11:44:09.006+07:00
"{\"event_time\": \"2022-04-22 19:51:58.581\", \"user_id\": 200, \"video_id\": 2727185, \"watch_time\": 41.764, \"duration\": 190.333, \"watch_ratio\": 0.2194, \"is_click\": 1, \"is_like\": 0, \"is_share\": 0}",2026-05-03T11:44:09.027+07:00
"{\"event_time\": \"2022-05-07 11:28:31.025\", \"user_id\": 744, \"video_id\": 1086356, \"watch_time\": 4.288, \"duration\": 23.5, \"watch_ratio\": 0.1825, \"is_click\": 0, \"is_like\": 0, \"is_share\": 0}",2026-05-03T11:44:09.037+07:00
"{\"event_time\": \"2022-05-01 12:58:49.917\", \"user_id\": 238, \"video_id\": 1737634, \"watch_time\": 1.955, \"duration\": 15.566, \"watch_ratio\": 0.1256, \"is_click\": 0, \"is_like\": 0, \"is_share\": 0}",2026-05-03T11:44:09.057+07:00
"{\"event_time\": \"2022-04-28 08:59:49.095\", \"user_id\": 956, \"video_id\": 2550151, \"watch_time\": 24.576, \"duration\": 11.878, \"watch_ratio\": 1.0, \"is_click\": 1, \"is_like\": 0, \"is_share\": 0}",2026-05-03T11:44:09.078+07:00
"{\"event_time\": \"2022-04-25 12:05:42.938\", \"user_id\": 336, \"video_id\": 3952561, \"watch_time\": 4.354, \"duration\": 18.4, \"watch_ratio\": 0.2366, \"is_click\": 0, \"is_like\": 0, \"is_share\": 0}",2026-05-03T11:44:09.099+07:00
"{\"event_time\": \"2022-05-02 10:30:10.776\", \"user_id\": 786, \"video_id\": 2538362, \"watch_time\": 41.786, \"duration\": 41.333, \"watch_ratio\": 1.0, \"is_click\": 1, \"is_like\": 0, \"is_share\": 0}",2026-05-03T11:44:09.109+07:00
"{\"event_time\": \"2022-04-29 13:27:52.335\", \"user_id\": 62, \"video_id\": 1812174, \"watch_time\": 2.929, \"duration\": 9.92, \"watch_ratio\": 0.2953, \"is_click\": 0, \"is_like\": 0, \"is_share\": 0}",2026-05-03T11:44:09.120+07:00
"{\"event_time\": \"2022-05-06 07:33:23.983\", \"user_id\": 723, \"video_id\": 4327571, \"watch_time\": 152.929, \"duration\": 152.72, \"watch_ratio\": 1.0, \"is_click\": 1, \"is_like\": 0, \"is_share\": 0}",2026-05-03T11:44:09.182+07:00
"{\"event_time\": \"2022-05-03 05:43:53.448\", \"user_id\": 772, \"video_id\": 2675559, \"watch_time\": 1.464, \"duration\": 6.266, \"watch_ratio\": 0.2336, \"is_click\": 0, \"is_like\": 0, \"is_share\": 0}",2026-05-03T11:44:09.212+07:00
"{\"event_time\": \"2022-04-26 01:47:03.699\", \"user_id\": 868, \"video_id\": 3178664, \"watch_time\": 13.672, \"duration\": 13.6, \"watch_ratio\": 1.0, \"is_click\": 1, \"is_like\": 0, \"is_share\": 0}",2026-05-03T11:44:09.244+07:00
"{\"event_time\": \"2022-04-30 08:58:33.357\", \"user_id\": 66, \"video_id\": 5933, \"watch_time\": 16.713, \"duration\": 82.32, \"watch_ratio\": 0.203, \"is_click\": 1, \"is_like\": 0, \"is_share\": 0}",2026-05-03T11:44:09.296+07:00
"{\"event_time\": \"2022-04-26 08:29:29.419\", \"user_id\": 625, \"video_id\": 4207414, \"watch_time\": 5.21, \"duration\": 131.166, \"watch_ratio\": 0.0397, \"is_click\": 0, \"is_like\": 0, \"is_share\": 0}",2026-05-03T11:44:09.420+07:00
"{\"event_time\": \"2022-04-29 15:07:59.030\", \"user_id\": 740, \"video_id\": 382569, \"watch_time\": 5.52, \"duration\": 16.2, \"watch_ratio\": 0.3407, \"is_click\": 0, \"is_like\": 0, \"is_share\": 0}",2026-05-03T11:44:09.431+07:00
"{\"event_time\": \"2022-05-04 15:12:40.967\", \"user_id\": 206, \"video_id\": 3492434, \"watch_time\": 28.594, \"duration\": 128.216, \"watch_ratio\": 0.223, \"is_click\": 1, \"is_like\": 0, \"is_share\": 0}",2026-05-03T11:44:09.441+07:00
"{\"event_time\": \"2022-05-01 02:30:29.292\", \"user_id\": 934, \"video_id\": 3943277, \"watch_time\": 1.8, \"duration\": 12.716, \"watch_ratio\": 0.1416, \"is_click\": 0, \"is_like\": 0, \"is_share\": 0}",2026-05-03T11:44:09.482+07:00
"{\"event_time\": \"2022-04-26 14:44:00.783\", \"user_id\": 15, \"video_id\": 2319801, \"watch_time\": 1.871, \"duration\": 74.86, \"watch_ratio\": 0.025, \"is_click\": 0, \"is_like\": 0, \"is_share\": 0}",2026-05-03T11:44:09.493+07:00
"{\"event_time\": \"2022-04-29 02:06:59.339\", \"user_id\": 793, \"video_id\": 2542735, \"watch_time\": 0.0, \"duration\": 62.1, \"watch_ratio\": 0.0, \"is_click\": 0, \"is_like\": 0, \"is_share\": 0}",2026-05-03T11:44:09.524+07:00
"{\"event_time\": \"2022-05-07 03:05:15.013\", \"user_id\": 242, \"video_id\": 1036125, \"watch_time\": 3.541, \"duration\": 150.133, \"watch_ratio\": 0.0236, \"is_click\": 0, \"is_like\": 0, \"is_share\": 0}",2026-05-03T11:44:09.585+07:00
"{\"event_time\": \"2022-04-26 06:48:11.560\", \"user_id\": 707, \"video_id\": 667076, \"watch_time\": 14.79, \"duration\": 8.433, \"watch_ratio\": 1.0, \"is_click\": 1, \"is_like\": 0, \"is_share\": 0}",2026-05-03T11:44:09.617+07:00
"{\"event_time\": \"2022-05-06 14:28:56.036\", \"user_id\": 357, \"video_id\": 524791, \"watch_time\": 44.676, \"duration\": 152.919, \"watch_ratio\": 0.2922, \"is_click\": 1, \"is_like\": 0, \"is_share\": 0}",2026-05-03T11:44:09.658+07:00
"{\"event_time\": \"2022-04-28 03:43:34.845\", \"user_id\": 202, \"video_id\": 2683066, \"watch_time\": 1.333, \"duration\": 19.766, \"watch_ratio\": 0.0674, \"is_click\": 0, \"is_like\": 0, \"is_share\": 0}",2026-05-03T11:44:09.680+07:00
"{\"event_time\": \"2022-05-01 08:37:31.224\", \"user_id\": 805, \"video_id\": 2089685, \"watch_time\": 0.0, \"duration\": 117.433, \"watch_ratio\": 0.0, \"is_click\": 0, \"is_like\": 0, \"is_share\": 0}",2026-05-03T11:44:09.701+07:00
"{\"event_time\": \"2022-05-04 08:35:01.793\", \"user_id\": 770, \"video_id\": 3503028, \"watch_time\": 0.0, \"duration\": 0.0, \"watch_ratio\": null, \"is_click\": 0, \"is_like\": 0, \"is_share\": 0}",2026-05-03T11:44:09.723+07:00
"{\"event_time\": \"2022-04-28 22:05:17.661\", \"user_id\": 111, \"video_id\": 4048226, \"watch_time\": 2.955, \"duration\": 61.5, \"watch_ratio\": 0.048, \"is_click\": 0, \"is_like\": 0, \"is_share\": 0}",2026-05-03T11:45:02.571+07:00
"{\"event_time\": \"2022-05-03 11:56:38.492\", \"user_id\": 954, \"video_id\": 1321506, \"watch_time\": 0.914, \"duration\": 71.79, \"watch_ratio\": 0.0127, \"is_click\": 0, \"is_like\": 0, \"is_share\": 0}",2026-05-03T11:45:02.581+07:00
"{\"event_time\": \"2022-05-08 12:05:08.286\", \"user_id\": 346, \"video_id\": 1569751, \"watch_time\": 9.363, \"duration\": 8.266, \"watch_ratio\": 1.0, \"is_click\": 1, \"is_like\": 0, \"is_share\": 0}",2026-05-03T11:45:02.612+07:00
"{\"event_time\": \"2022-05-04 12:18:29.569\", \"user_id\": 308, \"video_id\": 354697, \"watch_time\": 1.377, \"duration\": 7.883, \"watch_ratio\": 0.1747, \"is_click\": 0, \"is_like\": 0, \"is_share\": 0}",2026-05-03T11:45:02.643+07:00
"{\"event_time\": \"2022-05-05 03:17:15.351\", \"user_id\": 830, \"video_id\": 797712, \"watch_time\": 48.759, \"duration\": 35.016, \"watch_ratio\": 1.0, \"is_click\": 1, \"is_like\": 0, \"is_share\": 0}",2026-05-03T11:45:02.653+07:00
"{\"event_time\": \"2022-04-23 16:02:39.012\", \"user_id\": 525, \"video_id\": 86618, \"watch_time\": 2.474, \"duration\": 0.0, \"watch_ratio\": null, \"is_click\": 0, \"is_like\": 0, \"is_share\": 0}",2026-05-03T11:45:02.746+07:00
"{\"event_time\": \"2022-05-05 23:43:34.416\", \"user_id\": 879, \"video_id\": 1294292, \"watch_time\": 0.031, \"duration\": 8.6, \"watch_ratio\": 0.0036, \"is_click\": 0, \"is_like\": 0, \"is_share\": 0}",2026-05-03T11:45:02.809+07:00
"{\"event_time\": \"2022-05-02 01:49:53.505\", \"user_id\": 986, \"video_id\": 4214134, \"watch_time\": 5.714, \"duration\": 46.0, \"watch_ratio\": 0.1242, \"is_click\": 0, \"is_like\": 0, \"is_share\": 0}",2026-05-03T11:45:02.819+07:00
"{\"event_time\": \"2022-04-29 10:19:23.799\", \"user_id\": 725, \"video_id\": 699080, \"watch_time\": 0.979, \"duration\": 0.0, \"watch_ratio\": null, \"is_click\": 0, \"is_like\": 0, \"is_share\": 0}",2026-05-03T11:45:02.840+07:00
"{\"event_time\": \"2022-05-07 03:27:58.452\", \"user_id\": 594, \"video_id\": 4035771, \"watch_time\": 1.25, \"duration\": 96.9, \"watch_ratio\": 0.0129, \"is_click\": 0, \"is_like\": 0, \"is_share\": 0}",2026-05-03T11:45:02.861+07:00
"{\"event_time\": \"2022-05-02 23:12:03.580\", \"user_id\": 407, \"video_id\": 1906828, \"watch_time\": 0.0, \"duration\": 9.683, \"watch_ratio\": 0.0, \"is_click\": 0, \"is_like\": 0, \"is_share\": 0}",2026-05-03T11:45:02.872+07:00
"{\"event_time\": \"2022-05-02 15:26:38.929\", \"user_id\": 16, \"video_id\": 3981552, \"watch_time\": 1.258, \"duration\": 18.283, \"watch_ratio\": 0.0688, \"is_click\": 0, \"is_like\": 0, \"is_share\": 0}",2026-05-03T11:45:02.882+07:00
"{\"event_time\": \"2022-04-29 10:41:45.790\", \"user_id\": 677, \"video_id\": 1361786, \"watch_time\": 11.702, \"duration\": 14.482, \"watch_ratio\": 0.808, \"is_click\": 1, \"is_like\": 0, \"is_share\": 0}",2026-05-03T11:45:02.977+07:00
"{\"event_time\": \"2022-05-07 11:28:47.737\", \"user_id\": 672, \"video_id\": 1469266, \"watch_time\": 2.076, \"duration\": 42.166, \"watch_ratio\": 0.0492, \"is_click\": 0, \"is_like\": 0, \"is_share\": 0}",2026-05-03T11:45:03.051+07:00
"{\"event_time\": \"2022-05-06 04:42:19.003\", \"user_id\": 292, \"video_id\": 2232898, \"watch_time\": 12.837, \"duration\": 75.466, \"watch_ratio\": 0.1701, \"is_click\": 1, \"is_like\": 0, \"is_share\": 0}",2026-05-03T11:45:03.156+07:00
"{\"event_time\": \"2022-04-30 07:56:56.517\", \"user_id\": 323, \"video_id\": 2564503, \"watch_time\": 2.382, \"duration\": 10.966, \"watch_ratio\": 0.2172, \"is_click\": 0, \"is_like\": 0, \"is_share\": 0}",2026-05-03T11:45:03.219+07:00
"{\"event_time\": \"2022-05-01 15:19:04.010\", \"user_id\": 967, \"video_id\": 3471455, \"watch_time\": 160.759, \"duration\": 159.766, \"watch_ratio\": 1.0, \"is_click\": 1, \"is_like\": 0, \"is_share\": 0}",2026-05-03T11:45:03.304+07:00
"{\"event_time\": \"2022-05-06 14:06:56.727\", \"user_id\": 134, \"video_id\": 2829615, \"watch_time\": 19.386, \"duration\": 18.375, \"watch_ratio\": 1.0, \"is_click\": 1, \"is_like\": 0, \"is_share\": 0}",2026-05-03T11:45:03.357+07:00
"{\"event_time\": \"2022-05-07 11:24:33.325\", \"user_id\": 954, \"video_id\": 3391715, \"watch_time\": 0.0, \"duration\": 8.0, \"watch_ratio\": 0.0, \"is_click\": 0, \"is_like\": 0, \"is_share\": 0}",2026-05-03T11:45:03.431+07:00
"{\"event_time\": \"2022-05-04 18:28:34.855\", \"user_id\": 50, \"video_id\": 1861874, \"watch_time\": 15.692, \"duration\": 126.084, \"watch_ratio\": 0.1245, \"is_click\": 1, \"is_like\": 0, \"is_share\": 0}",2026-05-03T11:45:03.463+07:00
"{\"event_time\": \"2022-04-27 23:57:10.047\", \"user_id\": 191, \"video_id\": 681051, \"watch_time\": 1.88, \"duration\": 12.733, \"watch_ratio\": 0.1476, \"is_click\": 0, \"is_like\": 0, \"is_share\": 0}",2026-05-03T11:45:03.473+07:00
"{\"event_time\": \"2022-04-22 10:08:28.862\", \"user_id\": 882, \"video_id\": 2414382, \"watch_time\": 32.184, \"duration\": 10.41, \"watch_ratio\": 1.0, \"is_click\": 1, \"is_like\": 0, \"is_share\": 0}",2026-05-03T11:45:03.495+07:00
"{\"event_time\": \"2022-05-05 16:18:14.356\", \"user_id\": 824, \"video_id\": 1165579, \"watch_time\": 6.895, \"duration\": 0.0, \"watch_ratio\": null, \"is_click\": 0, \"is_like\": 0, \"is_share\": 0}",2026-05-03T11:45:03.569+07:00
"{\"event_time\": \"2022-05-05 06:44:17.779\", \"user_id\": 434, \"video_id\": 1626753, \"watch_time\": 0.0, \"duration\": 356.184, \"watch_ratio\": 0.0, \"is_click\": 0, \"is_like\": 0, \"is_share\": 0}",2026-05-03T11:45:03.580+07:00
"{\"event_time\": \"2022-05-02 09:46:42.105\", \"user_id\": 225, \"video_id\": 3950865, \"watch_time\": 11.658, \"duration\": 14.266, \"watch_ratio\": 0.8172, \"is_click\": 1, \"is_like\": 0, \"is_share\": 0}",2026-05-03T11:45:03.590+07:00
"{\"event_time\": \"2022-05-07 14:54:36.398\", \"user_id\": 295, \"video_id\": 2200990, \"watch_time\": 0.0, \"duration\": 147.133, \"watch_ratio\": 0.0, \"is_click\": 0, \"is_like\": 0, \"is_share\": 0}",2026-05-03T11:45:03.623+07:00
"{\"event_time\": \"2022-05-06 00:51:32.655\", \"user_id\": 879, \"video_id\": 677421, \"watch_time\": 0.298, \"duration\": 7.066, \"watch_ratio\": 0.0422, \"is_click\": 0, \"is_like\": 0, \"is_share\": 0}",2026-05-03T11:45:03.633+07:00
"{\"event_time\": \"2022-05-02 15:42:00.031\", \"user_id\": 76, \"video_id\": 1614233, \"watch_time\": 0.0, \"duration\": 38.0, \"watch_ratio\": 0.0, \"is_click\": 0, \"is_like\": 0, \"is_share\": 0}",2026-05-03T11:45:03.655+07:00
"{\"event_time\": \"2022-04-23 07:59:39.786\", \"user_id\": 739, \"video_id\": 1120889, \"watch_time\": 0.0, \"duration\": 423.433, \"watch_ratio\": 0.0, \"is_click\": 0, \"is_like\": 0, \"is_share\": 0}",2026-05-03T11:45:03.697+07:00
"{\"event_time\": \"2022-04-29 13:02:46.910\", \"user_id\": 559, \"video_id\": 1351710, \"watch_time\": 1.554, \"duration\": 259.731, \"watch_ratio\": 0.006, \"is_click\": 0, \"is_like\": 0, \"is_share\": 0}",2026-05-03T11:45:03.707+07:00
"{\"event_time\": \"2022-04-28 01:26:44.716\", \"user_id\": 211, \"video_id\": 1407708, \"watch_time\": 14.075, \"duration\": 0.0, \"watch_ratio\": null, \"is_click\": 1, \"is_like\": 0, \"is_share\": 0}",2026-05-03T11:45:03.750+07:00
"{\"event_time\": \"2022-05-03 16:24:16.751\", \"user_id\": 702, \"video_id\": 2933945, \"watch_time\": 0.0, \"duration\": 7.683, \"watch_ratio\": 0.0, \"is_click\": 0, \"is_like\": 0, \"is_share\": 0}",2026-05-03T11:45:03.835+07:00
"{\"event_time\": \"2022-05-03 00:47:11.605\", \"user_id\": 797, \"video_id\": 503153, \"watch_time\": 4.341, \"duration\": 86.52, \"watch_ratio\": 0.0502, \"is_click\": 0, \"is_like\": 0, \"is_share\": 0}",2026-05-03T11:45:03.856+07:00
"{\"event_time\": \"2022-04-30 19:12:45.153\", \"user_id\": 169, \"video_id\": 3497746, \"watch_time\": 4.641, \"duration\": 11.84, \"watch_ratio\": 0.392, \"is_click\": 0, \"is_like\": 0, \"is_share\": 0}",2026-05-03T11:45:03.867+07:00
"{\"event_time\": \"2022-05-06 06:10:59.964\", \"user_id\": 681, \"video_id\": 3862830, \"watch_time\": 2.224, \"duration\": 27.9, \"watch_ratio\": 0.0797, \"is_click\": 0, \"is_like\": 0, \"is_share\": 0}",2026-05-03T11:45:03.878+07:00
"{\"event_time\": \"2022-04-29 23:36:06.084\", \"user_id\": 68, \"video_id\": 2563666, \"watch_time\": 2.62, \"duration\": 70.32, \"watch_ratio\": 0.0373, \"is_click\": 0, \"is_like\": 0, \"is_share\": 0}",2026-05-03T11:45:03.888+07:00
"{\"event_time\": \"2022-04-27 00:16:59.562\", \"user_id\": 787, \"video_id\": 192145, \"watch_time\": 26.197, \"duration\": 0.0, \"watch_ratio\": null, \"is_click\": 1, \"is_like\": 0, \"is_share\": 0}",2026-05-03T11:45:03.909+07:00
"{\"event_time\": \"2022-04-21 18:54:01.605\", \"user_id\": 791, \"video_id\": 439468, \"watch_time\": 4.353, \"duration\": 324.266, \"watch_ratio\": 0.0134, \"is_click\": 0, \"is_like\": 0, \"is_share\": 0}",2026-05-03T11:45:03.931+07:00
"{\"event_time\": \"2022-04-30 08:08:23.140\", \"user_id\": 403, \"video_id\": 1511975, \"watch_time\": 76.808, \"duration\": 439.76, \"watch_ratio\": 0.1747, \"is_click\": 1, \"is_like\": 0, \"is_share\": 0}",2026-05-03T11:45:03.952+07:00
"{\"event_time\": \"2022-05-06 11:56:55.723\", \"user_id\": 473, \"video_id\": 3629705, \"watch_time\": 4.427, \"duration\": 138.95, \"watch_ratio\": 0.0319, \"is_click\": 0, \"is_like\": 0, \"is_share\": 0}",2026-05-03T11:45:03.984+07:00
"{\"event_time\": \"2022-04-30 02:37:46.139\", \"user_id\": 106, \"video_id\": 2708772, \"watch_time\": 23.519, \"duration\": 36.033, \"watch_ratio\": 0.6527, \"is_click\": 1, \"is_like\": 0, \"is_share\": 0}",2026-05-03T11:45:03.994+07:00
"{\"event_time\": \"2022-04-25 10:06:50.374\", \"user_id\": 695, \"video_id\": 1738220, \"watch_time\": 10.455, \"duration\": 10.266, \"watch_ratio\": 1.0, \"is_click\": 1, \"is_like\": 0, \"is_share\": 0}",2026-05-03T11:45:04.005+07:00
"{\"event_time\": \"2022-05-03 12:28:30.166\", \"user_id\": 868, \"video_id\": 134112, \"watch_time\": 2.01, \"duration\": 7.0, \"watch_ratio\": 0.2871, \"is_click\": 0, \"is_like\": 0, \"is_share\": 0}",2026-05-03T11:45:04.026+07:00
"{\"event_time\": \"2022-04-27 13:05:31.191\", \"user_id\": 177, \"video_id\": 2086325, \"watch_time\": 26.968, \"duration\": 8.433, \"watch_ratio\": 1.0, \"is_click\": 1, \"is_like\": 0, \"is_share\": 0}",2026-05-03T11:45:04.047+07:00
"{\"event_time\": \"2022-04-30 05:10:28.910\", \"user_id\": 462, \"video_id\": 2851959, \"watch_time\": 4.649, \"duration\": 68.0, \"watch_ratio\": 0.0684, \"is_click\": 0, \"is_like\": 0, \"is_share\": 0}",2026-05-03T11:45:04.068+07:00
"{\"event_time\": \"2022-05-02 09:12:17.331\", \"user_id\": 542, \"video_id\": 3591208, \"watch_time\": 4.521, \"duration\": 6.873, \"watch_ratio\": 0.6578, \"is_click\": 0, \"is_like\": 0, \"is_share\": 0}",2026-05-03T11:45:04.111+07:00
"{\"event_time\": \"2022-05-02 08:58:13.413\", \"user_id\": 7, \"video_id\": 2559903, \"watch_time\": 9.05, \"duration\": 8.366, \"watch_ratio\": 1.0, \"is_click\": 1, \"is_like\": 0, \"is_share\": 0}",2026-05-03T11:45:04.122+07:00
"{\"event_time\": \"2022-04-26 12:31:23.617\", \"user_id\": 840, \"video_id\": 1980508, \"watch_time\": 1.114, \"duration\": 4.833, \"watch_ratio\": 0.2305, \"is_click\": 0, \"is_like\": 0, \"is_share\": 0}",2026-05-03T11:45:04.133+07:00
"{\"event_time\": \"2022-05-08 14:12:21.228\", \"user_id\": 357, \"video_id\": 2388760, \"watch_time\": 0.0, \"duration\": 97.333, \"watch_ratio\": 0.0, \"is_click\": 0, \"is_like\": 0, \"is_share\": 0}",2026-05-03T11:45:04.143+07:00
"{\"event_time\": \"2022-05-07 05:18:54.970\", \"user_id\": 166, \"video_id\": 2121020, \"watch_time\": 3.565, \"duration\": 18.166, \"watch_ratio\": 0.1962, \"is_click\": 1, \"is_like\": 0, \"is_share\": 0}",2026-05-03T11:45:04.185+07:00
"{\"event_time\": \"2022-05-06 01:01:04.628\", \"user_id\": 453, \"video_id\": 2732220, \"watch_time\": 19.356, \"duration\": 60.131, \"watch_ratio\": 0.3219, \"is_click\": 1, \"is_like\": 0, \"is_share\": 0}",2026-05-03T11:45:04.196+07:00
"{\"event_time\": \"2022-05-06 11:46:17.409\", \"user_id\": 702, \"video_id\": 1586734, \"watch_time\": 2.08, \"duration\": 85.562, \"watch_ratio\": 0.0243, \"is_click\": 0, \"is_like\": 0, \"is_share\": 0}",2026-05-03T11:45:04.262+07:00
"{\"event_time\": \"2022-04-28 01:47:21.635\", \"user_id\": 862, \"video_id\": 370666, \"watch_time\": 0.0, \"duration\": 10.666, \"watch_ratio\": 0.0, \"is_click\": 0, \"is_like\": 0, \"is_share\": 0}",2026-05-03T11:45:04.296+07:00
"{\"event_time\": \"2022-04-23 07:50:49.201\", \"user_id\": 216, \"video_id\": 2370120, \"watch_time\": 3.66, \"duration\": 7.066, \"watch_ratio\": 0.518, \"is_click\": 0, \"is_like\": 0, \"is_share\": 0}",2026-05-03T11:45:04.317+07:00
"{\"event_time\": \"2022-05-02 01:21:24.606\", \"user_id\": 346, \"video_id\": 2740235, \"watch_time\": 8.068, \"duration\": 20.0, \"watch_ratio\": 0.4034, \"is_click\": 1, \"is_like\": 1, \"is_share\": 0}",2026-05-03T11:45:04.350+07:00
"{\"event_time\": \"2022-04-25 06:04:42.209\", \"user_id\": 973, \"video_id\": 321772, \"watch_time\": 0.0, \"duration\": 42.56, \"watch_ratio\": 0.0, \"is_click\": 0, \"is_like\": 0, \"is_share\": 0}",2026-05-03T11:45:04.393+07:00
"{\"event_time\": \"2022-04-29 18:28:01.216\", \"user_id\": 222, \"video_id\": 761357, \"watch_time\": 44.073, \"duration\": 218.846, \"watch_ratio\": 0.2014, \"is_click\": 1, \"is_like\": 0, \"is_share\": 0}",2026-05-03T11:45:04.403+07:00
"{\"event_time\": \"2022-05-05 17:46:07.338\", \"user_id\": 703, \"video_id\": 1476289, \"watch_time\": 0.0, \"duration\": 9.5, \"watch_ratio\": 0.0, \"is_click\": 0, \"is_like\": 0, \"is_share\": 0}",2026-05-03T11:45:04.425+07:00
"{\"event_time\": \"2022-04-30 10:48:14.651\", \"user_id\": 607, \"video_id\": 3699980, \"watch_time\": 13.802, \"duration\": 12.846, \"watch_ratio\": 1.0, \"is_click\": 1, \"is_like\": 0, \"is_share\": 0}",2026-05-03T11:45:04.446+07:00
"{\"event_time\": \"2022-04-25 12:48:18.963\", \"user_id\": 802, \"video_id\": 4317583, \"watch_time\": 68.676, \"duration\": 65.766, \"watch_ratio\": 1.0, \"is_click\": 1, \"is_like\": 0, \"is_share\": 0}",2026-05-03T11:45:04.470+07:00
"{\"event_time\": \"2022-04-27 06:26:00.471\", \"user_id\": 770, \"video_id\": 4125059, \"watch_time\": 0.0, \"duration\": 23.172, \"watch_ratio\": 0.0, \"is_click\": 0, \"is_like\": 0, \"is_share\": 0}",2026-05-03T11:45:04.490+07:00
"{\"event_time\": \"2022-05-04 04:50:58.370\", \"user_id\": 540, \"video_id\": 3517378, \"watch_time\": 1.095, \"duration\": 119.366, \"watch_ratio\": 0.0092, \"is_click\": 0, \"is_like\": 0, \"is_share\": 0}",2026-05-03T11:45:04.525+07:00
"{\"event_time\": \"2022-05-07 14:19:02.887\", \"user_id\": 73, \"video_id\": 3964088, \"watch_time\": 18.53, \"duration\": 27.066, \"watch_ratio\": 0.6846, \"is_click\": 1, \"is_like\": 0, \"is_share\": 0}",2026-05-03T11:45:04.536+07:00
"{\"event_time\": \"2022-04-23 01:38:26.119\", \"user_id\": 911, \"video_id\": 3866582, \"watch_time\": 2.012, \"duration\": 17.833, \"watch_ratio\": 0.1128, \"is_click\": 0, \"is_like\": 0, \"is_share\": 0}",2026-05-03T11:45:04.570+07:00
"{\"event_time\": \"2022-05-06 12:24:11.437\", \"user_id\": 920, \"video_id\": 701046, \"watch_time\": 0.0, \"duration\": 300.133, \"watch_ratio\": 0.0, \"is_click\": 0, \"is_like\": 0, \"is_share\": 0}",2026-05-03T11:45:04.581+07:00
"{\"event_time\": \"2022-05-07 00:51:01.438\", \"user_id\": 370, \"video_id\": 227108, \"watch_time\": 34.131, \"duration\": 31.866, \"watch_ratio\": 1.0, \"is_click\": 1, \"is_like\": 0, \"is_share\": 0}",2026-05-03T11:45:04.592+07:00
"{\"event_time\": \"2022-05-07 11:17:38.984\", \"user_id\": 923, \"video_id\": 4161616, \"watch_time\": 3.876, \"duration\": 0.0, \"watch_ratio\": null, \"is_click\": 0, \"is_like\": 0, \"is_share\": 0}",2026-05-03T11:45:04.602+07:00
"{\"event_time\": \"2022-04-28 17:04:26.686\", \"user_id\": 325, \"video_id\": 1610714, \"watch_time\": 1.077, \"duration\": 82.44, \"watch_ratio\": 0.0131, \"is_click\": 0, \"is_like\": 0, \"is_share\": 0}",2026-05-03T11:45:04.655+07:00
"{\"event_time\": \"2022-04-24 07:40:43.011\", \"user_id\": 154, \"video_id\": 75577, \"watch_time\": 7.47, \"duration\": 5.4, \"watch_ratio\": 1.0, \"is_click\": 1, \"is_like\": 0, \"is_share\": 0}",2026-05-03T11:45:04.729+07:00
"{\"event_time\": \"2022-05-06 05:29:23.778\", \"user_id\": 990, \"video_id\": 1237371, \"watch_time\": 1.606, \"duration\": 19.92, \"watch_ratio\": 0.0806, \"is_click\": 0, \"is_like\": 0, \"is_share\": 0}",2026-05-03T11:45:04.761+07:00
"{\"event_time\": \"2022-05-03 09:39:49.155\", \"user_id\": 176, \"video_id\": 1340675, \"watch_time\": 6.071, \"duration\": 8.033, \"watch_ratio\": 0.7558, \"is_click\": 0, \"is_like\": 0, \"is_share\": 0}",2026-05-03T11:45:04.771+07:00
"{\"event_time\": \"2022-05-07 08:39:20.103\", \"user_id\": 856, \"video_id\": 3808459, \"watch_time\": 1.234, \"duration\": 0.0, \"watch_ratio\": null, \"is_click\": 0, \"is_like\": 0, \"is_share\": 0}",2026-05-03T11:45:04.825+07:00
"{\"event_time\": \"2022-04-23 06:59:35.766\", \"user_id\": 122, \"video_id\": 3042204, \"watch_time\": 1.398, \"duration\": 12.516, \"watch_ratio\": 0.1117, \"is_click\": 0, \"is_like\": 0, \"is_share\": 0}",2026-05-03T11:45:04.857+07:00
"{\"event_time\": \"2022-05-03 10:55:06.640\", \"user_id\": 283, \"video_id\": 1677737, \"watch_time\": 1.878, \"duration\": 562.56, \"watch_ratio\": 0.0033, \"is_click\": 0, \"is_like\": 0, \"is_share\": 0}",2026-05-03T11:45:04.912+07:00
"{\"event_time\": \"2022-05-01 02:49:14.531\", \"user_id\": 781, \"video_id\": 511643, \"watch_time\": 10.0, \"duration\": 10.833, \"watch_ratio\": 0.9231, \"is_click\": 1, \"is_like\": 0, \"is_share\": 0}",2026-05-03T11:45:04.934+07:00
"{\"event_time\": \"2022-05-05 12:17:12.262\", \"user_id\": 944, \"video_id\": 2621231, \"watch_time\": 4.449, \"duration\": 298.566, \"watch_ratio\": 0.0149, \"is_click\": 0, \"is_like\": 0, \"is_share\": 0}",2026-05-03T11:45:04.946+07:00
"{\"event_time\": \"2022-04-26 11:17:04.493\", \"user_id\": 118, \"video_id\": 2458826, \"watch_time\": 0.0, \"duration\": 42.933, \"watch_ratio\": 0.0, \"is_click\": 0, \"is_like\": 0, \"is_share\": 0}",2026-05-03T11:45:04.969+07:00
"{\"event_time\": \"2022-05-06 00:24:44.136\", \"user_id\": 879, \"video_id\": 3000767, \"watch_time\": 51.201, \"duration\": 148.501, \"watch_ratio\": 0.3448, \"is_click\": 1, \"is_like\": 0, \"is_share\": 0}",2026-05-03T11:45:04.979+07:00
"{\"event_time\": \"2022-05-04 04:09:13.778\", \"user_id\": 391, \"video_id\": 2755712, \"watch_time\": 30.341, \"duration\": 208.916, \"watch_ratio\": 0.1452, \"is_click\": 1, \"is_like\": 0, \"is_share\": 0}",2026-05-03T11:45:05.047+07:00
"{\"event_time\": \"2022-04-26 02:40:06.594\", \"user_id\": 240, \"video_id\": 1702907, \"watch_time\": 0.747, \"duration\": 13.466, \"watch_ratio\": 0.0555, \"is_click\": 0, \"is_like\": 0, \"is_share\": 0}",2026-05-03T11:45:05.083+07:00
"{\"event_time\": \"2022-04-30 14:51:21.765\", \"user_id\": 712, \"video_id\": 1002115, \"watch_time\": 11.159, \"duration\": 9.866, \"watch_ratio\": 1.0, \"is_click\": 1, \"is_like\": 0, \"is_share\": 0}",2026-05-03T11:45:05.094+07:00
"{\"event_time\": \"2022-04-23 00:16:38.190\", \"user_id\": 831, \"video_id\": 1309719, \"watch_time\": 25.443, \"duration\": 38.666, \"watch_ratio\": 0.658, \"is_click\": 1, \"is_like\": 0, \"is_share\": 0}",2026-05-03T11:45:05.138+07:00
"{\"event_time\": \"2022-05-04 09:31:20.191\", \"user_id\": 413, \"video_id\": 2229794, \"watch_time\": 0.0, \"duration\": 16.566, \"watch_ratio\": 0.0, \"is_click\": 0, \"is_like\": 0, \"is_share\": 0}",2026-05-03T11:45:05.149+07:00
"{\"event_time\": \"2022-05-05 03:00:48.057\", \"user_id\": 920, \"video_id\": 2036769, \"watch_time\": 0.0, \"duration\": 8.933, \"watch_ratio\": 0.0, \"is_click\": 0, \"is_like\": 0, \"is_share\": 0}",2026-05-03T11:45:05.194+07:00
"{\"event_time\": \"2022-04-22 11:48:02.210\", \"user_id\": 21, \"video_id\": 1728830, \"watch_time\": 4.02, \"duration\": 184.6, \"watch_ratio\": 0.0218, \"is_click\": 0, \"is_like\": 0, \"is_share\": 0}",2026-05-03T11:45:05.205+07:00
"{\"event_time\": \"2022-04-27 13:53:31.595\", \"user_id\": 852, \"video_id\": 3119437, \"watch_time\": 7.187, \"duration\": 0.0, \"watch_ratio\": null, \"is_click\": 1, \"is_like\": 0, \"is_share\": 0}",2026-05-03T11:45:05.216+07:00
"{\"event_time\": \"2022-05-04 01:37:20.343\", \"user_id\": 427, \"video_id\": 1661798, \"watch_time\": 15.977, \"duration\": 17.466, \"watch_ratio\": 0.9147, \"is_click\": 1, \"is_like\": 0, \"is_share\": 0}",2026-05-03T11:45:05.263+07:00
"{\"event_time\": \"2022-04-30 17:32:28.047\", \"user_id\": 640, \"video_id\": 4227369, \"watch_time\": 9.554, \"duration\": 7.675, \"watch_ratio\": 1.0, \"is_click\": 1, \"is_like\": 0, \"is_share\": 0}",2026-05-03T11:45:05.348+07:00
"{\"event_time\": \"2022-04-30 11:30:13.484\", \"user_id\": 920, \"video_id\": 477685, \"watch_time\": 0.0, \"duration\": 166.8, \"watch_ratio\": 0.0, \"is_click\": 0, \"is_like\": 0, \"is_share\": 0}",2026-05-03T11:45:05.380+07:00
"{\"event_time\": \"2022-04-23 08:26:46.213\", \"user_id\": 495, \"video_id\": 1466840, \"watch_time\": 6.555, \"duration\": 8.119, \"watch_ratio\": 0.8074, \"is_click\": 0, \"is_like\": 0, \"is_share\": 0}",2026-05-03T11:45:05.391+07:00
"{\"event_time\": \"2022-05-08 12:54:35.328\", \"user_id\": 322, \"video_id\": 1699706, \"watch_time\": 1.496, \"duration\": 80.8, \"watch_ratio\": 0.0185, \"is_click\": 0, \"is_like\": 0, \"is_share\": 0}",2026-05-03T11:45:05.454+07:00
"{\"event_time\": \"2022-04-30 10:36:23.043\", \"user_id\": 473, \"video_id\": 4029012, \"watch_time\": 10.736, \"duration\": 10.3, \"watch_ratio\": 1.0, \"is_click\": 1, \"is_like\": 0, \"is_share\": 0}",2026-05-03T11:45:05.517+07:00
"{\"event_time\": \"2022-05-02 10:21:25.398\", \"user_id\": 734, \"video_id\": 972476, \"watch_time\": 0.768, \"duration\": 30.0, \"watch_ratio\": 0.0256, \"is_click\": 0, \"is_like\": 0, \"is_share\": 0}",2026-05-03T11:45:05.569+07:00
"{\"event_time\": \"2022-05-05 09:05:37.470\", \"user_id\": 410, \"video_id\": 3745976, \"watch_time\": 3.823, \"duration\": 29.6, \"watch_ratio\": 0.1292, \"is_click\": 0, \"is_like\": 0, \"is_share\": 0}",2026-05-03T11:45:05.579+07:00
"{\"event_time\": \"2022-05-01 10:00:55.086\", \"user_id\": 0, \"video_id\": 1386275, \"watch_time\": 117.238, \"duration\": 21.133, \"watch_ratio\": 1.0, \"is_click\": 1, \"is_like\": 0, \"is_share\": 0}",2026-05-03T11:45:05.621+07:00
"{\"event_time\": \"2022-04-25 04:59:52.748\", \"user_id\": 157, \"video_id\": 3209425, \"watch_time\": 2.926, \"duration\": 6.733, \"watch_ratio\": 0.4346, \"is_click\": 0, \"is_like\": 0, \"is_share\": 0}",2026-05-03T11:45:05.642+07:00
"{\"event_time\": \"2022-05-04 04:17:22.447\", \"user_id\": 788, \"video_id\": 3235326, \"watch_time\": 1.998, \"duration\": 12.166, \"watch_ratio\": 0.1642, \"is_click\": 0, \"is_like\": 0, \"is_share\": 0}",2026-05-03T11:45:05.662+07:00
"{\"event_time\": \"2022-04-24 10:49:14.359\", \"user_id\": 401, \"video_id\": 105510, \"watch_time\": 15.613, \"duration\": 54.3, \"watch_ratio\": 0.2875, \"is_click\": 1, \"is_like\": 0, \"is_share\": 0}",2026-05-03T11:45:05.703+07:00
"{\"event_time\": \"2022-04-30 11:51:36.798\", \"user_id\": 996, \"video_id\": 189488, \"watch_time\": 1.694, \"duration\": 349.5, \"watch_ratio\": 0.0048, \"is_click\": 0, \"is_like\": 0, \"is_share\": 0}",2026-05-03T11:45:05.776+07:00
"{\"event_time\": \"2022-04-23 10:34:08.468\", \"user_id\": 329, \"video_id\": 372922, \"watch_time\": 81.921, \"duration\": 78.375, \"watch_ratio\": 1.0, \"is_click\": 1, \"is_like\": 0, \"is_share\": 0}",2026-05-03T11:45:05.787+07:00
"{\"event_time\": \"2022-04-25 00:59:18.537\", \"user_id\": 142, \"video_id\": 1267407, \"watch_time\": 37.716, \"duration\": 192.533, \"watch_ratio\": 0.1959, \"is_click\": 1, \"is_like\": 0, \"is_share\": 0}",2026-05-03T11:45:05.797+07:00
"{\"event_time\": \"2022-04-27 23:33:32.893\", \"user_id\": 447, \"video_id\": 4158172, \"watch_time\": 0.0, \"duration\": 40.0, \"watch_ratio\": 0.0, \"is_click\": 0, \"is_like\": 0, \"is_share\": 0}",2026-05-03T11:45:05.850+07:00
"{\"event_time\": \"2022-05-04 09:57:41.693\", \"user_id\": 128, \"video_id\": 2021969, \"watch_time\": 0.0, \"duration\": 20.9, \"watch_ratio\": 0.0, \"is_click\": 0, \"is_like\": 0, \"is_share\": 0}",2026-05-03T11:45:05.882+07:00
"{\"event_time\": \"2022-05-01 07:26:06.326\", \"user_id\": 71, \"video_id\": 1952517, \"watch_time\": 0.0, \"duration\": 0.0, \"watch_ratio\": null, \"is_click\": 0, \"is_like\": 0, \"is_share\": 0}",2026-05-03T11:45:05.903+07:00
"{\"event_time\": \"2022-04-30 04:34:56.181\", \"user_id\": 725, \"video_id\": 4242657, \"watch_time\": 0.0, \"duration\": 37.066, \"watch_ratio\": 0.0, \"is_click\": 0, \"is_like\": 0, \"is_share\": 0}",2026-05-03T11:45:05.913+07:00
"{\"event_time\": \"2022-04-26 09:04:57.824\", \"user_id\": 859, \"video_id\": 275078, \"watch_time\": 0.0, \"duration\": 146.233, \"watch_ratio\": 0.0, \"is_click\": 0, \"is_like\": 0, \"is_share\": 0}",2026-05-03T11:45:05.923+07:00
"{\"event_time\": \"2022-05-02 04:35:25.332\", \"user_id\": 366, \"video_id\": 4259594, \"watch_time\": 1.395, \"duration\": 36.44, \"watch_ratio\": 0.0383, \"is_click\": 0, \"is_like\": 0, \"is_share\": 0}",2026-05-03T11:45:05.996+07:00
"{\"event_time\": \"2022-04-25 05:40:42.594\", \"user_id\": 68, \"video_id\": 672804, \"watch_time\": 1.36, \"duration\": 15.066, \"watch_ratio\": 0.0903, \"is_click\": 0, \"is_like\": 0, \"is_share\": 0}",2026-05-03T11:45:06.007+07:00
"{\"event_time\": \"2022-04-25 10:26:04.887\", \"user_id\": 366, \"video_id\": 2481934, \"watch_time\": 0.943, \"duration\": 151.566, \"watch_ratio\": 0.0062, \"is_click\": 0, \"is_like\": 0, \"is_share\": 0}",2026-05-03T11:45:06.079+07:00
"{\"event_time\": \"2022-05-07 17:12:57.811\", \"user_id\": 300, \"video_id\": 2884272, \"watch_time\": 1.15, \"duration\": 13.983, \"watch_ratio\": 0.0822, \"is_click\": 1, \"is_like\": 0, \"is_share\": 0}",2026-05-03T11:45:06.090+07:00
"{\"event_time\": \"2022-04-24 06:36:02.606\", \"user_id\": 134, \"video_id\": 2326772, \"watch_time\": 12.878, \"duration\": 13.3, \"watch_ratio\": 0.9683, \"is_click\": 1, \"is_like\": 0, \"is_share\": 0}",2026-05-03T11:45:06.100+07:00
"{\"event_time\": \"2022-04-25 05:20:49.925\", \"user_id\": 449, \"video_id\": 602000, \"watch_time\": 20.492, \"duration\": 0.0, \"watch_ratio\": null, \"is_click\": 1, \"is_like\": 1, \"is_share\": 0}",2026-05-03T11:45:06.225+07:00
"{\"event_time\": \"2022-04-26 08:47:55.087\", \"user_id\": 230, \"video_id\": 2345252, \"watch_time\": 7.95, \"duration\": 43.733, \"watch_ratio\": 0.1818, \"is_click\": 1, \"is_like\": 0, \"is_share\": 0}",2026-05-03T11:45:06.236+07:00
"{\"event_time\": \"2022-05-03 01:39:07.166\", \"user_id\": 64, \"video_id\": 964208, \"watch_time\": 4.798, \"duration\": 91.666, \"watch_ratio\": 0.0523, \"is_click\": 0, \"is_like\": 0, \"is_share\": 0}",2026-05-03T11:45:06.246+07:00
"{\"event_time\": \"2022-04-24 19:28:20.849\", \"user_id\": 325, \"video_id\": 3804378, \"watch_time\": 1.784, \"duration\": 11.85, \"watch_ratio\": 0.1505, \"is_click\": 0, \"is_like\": 0, \"is_share\": 0}",2026-05-03T11:45:06.299+07:00
"{\"event_time\": \"2022-05-01 04:17:10.173\", \"user_id\": 0, \"video_id\": 1493223, \"watch_time\": 1.528, \"duration\": 300.0, \"watch_ratio\": 0.0051, \"is_click\": 0, \"is_like\": 0, \"is_share\": 0}",2026-05-03T11:45:06.341+07:00
"{\"event_time\": \"2022-04-24 01:08:24.010\", \"user_id\": 924, \"video_id\": 3363337, \"watch_time\": 0.0, \"duration\": 60.067, \"watch_ratio\": 0.0, \"is_click\": 0, \"is_like\": 0, \"is_share\": 0}",2026-05-03T11:45:06.352+07:00
"{\"event_time\": \"2022-04-30 00:06:20.538\", \"user_id\": 344, \"video_id\": 4160370, \"watch_time\": 10.319, \"duration\": 9.466, \"watch_ratio\": 1.0, \"is_click\": 1, \"is_like\": 0, \"is_share\": 0}",2026-05-03T11:45:06.362+07:00
"{\"event_time\": \"2022-05-04 10:15:46.283\", \"user_id\": 304, \"video_id\": 1732375, \"watch_time\": 26.011, \"duration\": 24.8, \"watch_ratio\": 1.0, \"is_click\": 1, \"is_like\": 0, \"is_share\": 0}",2026-05-03T11:45:06.373+07:00
"{\"event_time\": \"2022-05-06 05:28:23.108\", \"user_id\": 15, \"video_id\": 357959, \"watch_time\": 9.059, \"duration\": 0.0, \"watch_ratio\": null, \"is_click\": 1, \"is_like\": 0, \"is_share\": 0}",2026-05-03T11:45:06.394+07:00
"{\"event_time\": \"2022-05-04 01:06:21.177\", \"user_id\": 145, \"video_id\": 3009398, \"watch_time\": 2.195, \"duration\": 70.8, \"watch_ratio\": 0.031, \"is_click\": 0, \"is_like\": 0, \"is_share\": 0}",2026-05-03T11:45:06.404+07:00
"{\"event_time\": \"2022-05-08 10:02:02.890\", \"user_id\": 542, \"video_id\": 965262, \"watch_time\": 4.748, \"duration\": 92.916, \"watch_ratio\": 0.0511, \"is_click\": 0, \"is_like\": 0, \"is_share\": 0}",2026-05-03T11:45:06.425+07:00
"{\"event_time\": \"2022-05-07 10:23:32.387\", \"user_id\": 225, \"video_id\": 1846093, \"watch_time\": 73.293, \"duration\": 73.733, \"watch_ratio\": 0.994, \"is_click\": 1, \"is_like\": 0, \"is_share\": 0}",2026-05-03T11:45:06.436+07:00
"{\"event_time\": \"2022-04-22 23:34:07.306\", \"user_id\": 457, \"video_id\": 2580716, \"watch_time\": 16.568, \"duration\": 23.133, \"watch_ratio\": 0.7162, \"is_click\": 1, \"is_like\": 0, \"is_share\": 0}",2026-05-03T11:45:06.467+07:00
"{\"event_time\": \"2022-04-24 14:33:13.210\", \"user_id\": 769, \"video_id\": 1127012, \"watch_time\": 2.346, \"duration\": 0.0, \"watch_ratio\": null, \"is_click\": 0, \"is_like\": 1, \"is_share\": 0}",2026-05-03T11:45:06.510+07:00
"{\"event_time\": \"2022-05-01 09:47:28.393\", \"user_id\": 967, \"video_id\": 306339, \"watch_time\": 15.956, \"duration\": 8.433, \"watch_ratio\": 1.0, \"is_click\": 1, \"is_like\": 0, \"is_share\": 0}",2026-05-03T11:45:06.554+07:00
"{\"event_time\": \"2022-04-26 03:46:07.986\", \"user_id\": 734, \"video_id\": 4146565, \"watch_time\": 1.529, \"duration\": 252.366, \"watch_ratio\": 0.0061, \"is_click\": 0, \"is_like\": 0, \"is_share\": 0}",2026-05-03T11:45:06.599+07:00
"{\"event_time\": \"2022-04-25 10:48:59.896\", \"user_id\": 602, \"video_id\": 417979, \"watch_time\": 3.961, \"duration\": 111.4, \"watch_ratio\": 0.0356, \"is_click\": 0, \"is_like\": 0, \"is_share\": 0}",2026-05-03T11:45:06.610+07:00
"{\"event_time\": \"2022-04-28 10:53:14.759\", \"user_id\": 662, \"video_id\": 787272, \"watch_time\": 2.674, \"duration\": 153.85, \"watch_ratio\": 0.0174, \"is_click\": 0, \"is_like\": 0, \"is_share\": 0}",2026-05-03T11:45:06.634+07:00
"{\"event_time\": \"2022-05-08 11:38:32.749\", \"user_id\": 710, \"video_id\": 1438481, \"watch_time\": 20.584, \"duration\": 40.366, \"watch_ratio\": 0.5099, \"is_click\": 1, \"is_like\": 0, \"is_share\": 0}",2026-05-03T11:45:06.717+07:00
"{\"event_time\": \"2022-04-23 00:31:51.010\", \"user_id\": 709, \"video_id\": 2668497, \"watch_time\": 48.27, \"duration\": 84.283, \"watch_ratio\": 0.5727, \"is_click\": 1, \"is_like\": 0, \"is_share\": 0}",2026-05-03T11:45:06.738+07:00
"{\"event_time\": \"2022-05-06 15:27:17.630\", \"user_id\": 169, \"video_id\": 4263430, \"watch_time\": 0.0, \"duration\": 32.5, \"watch_ratio\": 0.0, \"is_click\": 0, \"is_like\": 0, \"is_share\": 0}",2026-05-03T11:45:06.795+07:00
"{\"event_time\": \"2022-04-23 21:48:36.888\", \"user_id\": 578, \"video_id\": 2954374, \"watch_time\": 9.99, \"duration\": 7.133, \"watch_ratio\": 1.0, \"is_click\": 1, \"is_like\": 0, \"is_share\": 0}",2026-05-03T11:45:06.845+07:00
"{\"event_time\": \"2022-05-08 00:34:49.445\", \"user_id\": 204, \"video_id\": 2128848, \"watch_time\": 48.436, \"duration\": 25.133, \"watch_ratio\": 1.0, \"is_click\": 1, \"is_like\": 0, \"is_share\": 0}",2026-05-03T11:45:06.891+07:00
"{\"event_time\": \"2022-05-07 12:02:21.169\", \"user_id\": 893, \"video_id\": 4208295, \"watch_time\": 1.802, \"duration\": 11.5, \"watch_ratio\": 0.1567, \"is_click\": 0, \"is_like\": 0, \"is_share\": 0}",2026-05-03T11:45:06.954+07:00
"{\"event_time\": \"2022-04-27 08:28:30.844\", \"user_id\": 856, \"video_id\": 127520, \"watch_time\": 0.0, \"duration\": 147.366, \"watch_ratio\": 0.0, \"is_click\": 0, \"is_like\": 0, \"is_share\": 0}",2026-05-03T11:45:06.965+07:00
"{\"event_time\": \"2022-05-02 23:08:57.748\", \"user_id\": 744, \"video_id\": 43500, \"watch_time\": 3.808, \"duration\": 10.733, \"watch_ratio\": 0.3548, \"is_click\": 0, \"is_like\": 0, \"is_share\": 0}",2026-05-03T11:45:06.986+07:00
"{\"event_time\": \"2022-05-07 03:53:43.779\", \"user_id\": 720, \"video_id\": 160553, \"watch_time\": 4.242, \"duration\": 190.0, \"watch_ratio\": 0.0223, \"is_click\": 0, \"is_like\": 0, \"is_share\": 0}",2026-05-03T11:45:07.007+07:00
"{\"event_time\": \"2022-05-08 09:36:07.849\", \"user_id\": 540, \"video_id\": 1625266, \"watch_time\": 0.999, \"duration\": 5.533, \"watch_ratio\": 0.1806, \"is_click\": 0, \"is_like\": 0, \"is_share\": 0}",2026-05-03T11:45:07.049+07:00
"{\"event_time\": \"2022-04-26 04:38:11.845\", \"user_id\": 26, \"video_id\": 20891, \"watch_time\": 0.0, \"duration\": 44.033, \"watch_ratio\": 0.0, \"is_click\": 0, \"is_like\": 0, \"is_share\": 0}",2026-05-03T11:45:07.137+07:00
"{\"event_time\": \"2022-04-22 19:51:58.581\", \"user_id\": 200, \"video_id\": 2727185, \"watch_time\": 41.764, \"duration\": 190.333, \"watch_ratio\": 0.2194, \"is_click\": 1, \"is_like\": 0, \"is_share\": 0}",2026-05-03T11:45:07.158+07:00
"{\"event_time\": \"2022-05-07 11:28:31.025\", \"user_id\": 744, \"video_id\": 1086356, \"watch_time\": 4.288, \"duration\": 23.5, \"watch_ratio\": 0.1825, \"is_click\": 0, \"is_like\": 0, \"is_share\": 0}",2026-05-03T11:45:07.168+07:00
"{\"event_time\": \"2022-05-01 12:58:49.917\", \"user_id\": 238, \"video_id\": 1737634, \"watch_time\": 1.955, \"duration\": 15.566, \"watch_ratio\": 0.1256, \"is_click\": 0, \"is_like\": 0, \"is_share\": 0}",2026-05-03T11:45:07.189+07:00
"{\"event_time\": \"2022-04-28 08:59:49.095\", \"user_id\": 956, \"video_id\": 2550151, \"watch_time\": 24.576, \"duration\": 11.878, \"watch_ratio\": 1.0, \"is_click\": 1, \"is_like\": 0, \"is_share\": 0}",2026-05-03T11:45:07.210+07:00
"{\"event_time\": \"2022-04-25 12:05:42.938\", \"user_id\": 336, \"video_id\": 3952561, \"watch_time\": 4.354, \"duration\": 18.4, \"watch_ratio\": 0.2366, \"is_click\": 0, \"is_like\": 0, \"is_share\": 0}",2026-05-03T11:45:07.231+07:00
"{\"event_time\": \"2022-05-02 10:30:10.776\", \"user_id\": 786, \"video_id\": 2538362, \"watch_time\": 41.786, \"duration\": 41.333, \"watch_ratio\": 1.0, \"is_click\": 1, \"is_like\": 0, \"is_share\": 0}",2026-05-03T11:45:07.241+07:00
"{\"event_time\": \"2022-04-29 13:27:52.335\", \"user_id\": 62, \"video_id\": 1812174, \"watch_time\": 2.929, \"duration\": 9.92, \"watch_ratio\": 0.2953, \"is_click\": 0, \"is_like\": 0, \"is_share\": 0}",2026-05-03T11:45:07.252+07:00
"{\"event_time\": \"2022-05-06 07:33:23.983\", \"user_id\": 723, \"video_id\": 4327571, \"watch_time\": 152.929, \"duration\": 152.72, \"watch_ratio\": 1.0, \"is_click\": 1, \"is_like\": 0, \"is_share\": 0}",2026-05-03T11:45:07.314+07:00
"{\"event_time\": \"2022-05-03 05:43:53.448\", \"user_id\": 772, \"video_id\": 2675559, \"watch_time\": 1.464, \"duration\": 6.266, \"watch_ratio\": 0.2336, \"is_click\": 0, \"is_like\": 0, \"is_share\": 0}",2026-05-03T11:45:07.345+07:00
"{\"event_time\": \"2022-04-26 01:47:03.699\", \"user_id\": 868, \"video_id\": 3178664, \"watch_time\": 13.672, \"duration\": 13.6, \"watch_ratio\": 1.0, \"is_click\": 1, \"is_like\": 0, \"is_share\": 0}",2026-05-03T11:45:07.376+07:00
"{\"event_time\": \"2022-04-30 08:58:33.357\", \"user_id\": 66, \"video_id\": 5933, \"watch_time\": 16.713, \"duration\": 82.32, \"watch_ratio\": 0.203, \"is_click\": 1, \"is_like\": 0, \"is_share\": 0}",2026-05-03T11:45:07.429+07:00
"{\"event_time\": \"2022-04-26 08:29:29.419\", \"user_id\": 625, \"video_id\": 4207414, \"watch_time\": 5.21, \"duration\": 131.166, \"watch_ratio\": 0.0397, \"is_click\": 0, \"is_like\": 0, \"is_share\": 0}",2026-05-03T11:45:07.553+07:00
"{\"event_time\": \"2022-04-29 15:07:59.030\", \"user_id\": 740, \"video_id\": 382569, \"watch_time\": 5.52, \"duration\": 16.2, \"watch_ratio\": 0.3407, \"is_click\": 0, \"is_like\": 0, \"is_share\": 0}",2026-05-03T11:45:07.563+07:00
"{\"event_time\": \"2022-05-04 15:12:40.967\", \"user_id\": 206, \"video_id\": 3492434, \"watch_time\": 28.594, \"duration\": 128.216, \"watch_ratio\": 0.223, \"is_click\": 1, \"is_like\": 0, \"is_share\": 0}",2026-05-03T11:45:07.574+07:00
"{\"event_time\": \"2022-05-01 02:30:29.292\", \"user_id\": 934, \"video_id\": 3943277, \"watch_time\": 1.8, \"duration\": 12.716, \"watch_ratio\": 0.1416, \"is_click\": 0, \"is_like\": 0, \"is_share\": 0}",2026-05-03T11:45:07.615+07:00
"{\"event_time\": \"2022-04-26 14:44:00.783\", \"user_id\": 15, \"video_id\": 2319801, \"watch_time\": 1.871, \"duration\": 74.86, \"watch_ratio\": 0.025, \"is_click\": 0, \"is_like\": 0, \"is_share\": 0}",2026-05-03T11:45:07.626+07:00
"{\"event_time\": \"2022-04-29 02:06:59.339\", \"user_id\": 793, \"video_id\": 2542735, \"watch_time\": 0.0, \"duration\": 62.1, \"watch_ratio\": 0.0, \"is_click\": 0, \"is_like\": 0, \"is_share\": 0}",2026-05-03T11:45:07.656+07:00
"{\"event_time\": \"2022-05-07 03:05:15.013\", \"user_id\": 242, \"video_id\": 1036125, \"watch_time\": 3.541, \"duration\": 150.133, \"watch_ratio\": 0.0236, \"is_click\": 0, \"is_like\": 0, \"is_share\": 0}",2026-05-03T11:45:07.718+07:00
"{\"event_time\": \"2022-04-26 06:48:11.560\", \"user_id\": 707, \"video_id\": 667076, \"watch_time\": 14.79, \"duration\": 8.433, \"watch_ratio\": 1.0, \"is_click\": 1, \"is_like\": 0, \"is_share\": 0}",2026-05-03T11:45:07.749+07:00
"{\"event_time\": \"2022-05-06 14:28:56.036\", \"user_id\": 357, \"video_id\": 524791, \"watch_time\": 44.676, \"duration\": 152.919, \"watch_ratio\": 0.2922, \"is_click\": 1, \"is_like\": 0, \"is_share\": 0}",2026-05-03T11:45:07.791+07:00
"{\"event_time\": \"2022-04-28 03:43:34.845\", \"user_id\": 202, \"video_id\": 2683066, \"watch_time\": 1.333, \"duration\": 19.766, \"watch_ratio\": 0.0674, \"is_click\": 0, \"is_like\": 0, \"is_share\": 0}",2026-05-03T11:45:07.811+07:00
"{\"event_time\": \"2022-05-01 08:37:31.224\", \"user_id\": 805, \"video_id\": 2089685, \"watch_time\": 0.0, \"duration\": 117.433, \"watch_ratio\": 0.0, \"is_click\": 0, \"is_like\": 0, \"is_share\": 0}",2026-05-03T11:45:07.833+07:00
"{\"event_time\": \"2022-05-04 08:35:01.793\", \"user_id\": 770, \"video_id\": 3503028, \"watch_time\": 0.0, \"duration\": 0.0, \"watch_ratio\": null, \"is_click\": 0, \"is_like\": 0, \"is_share\": 0}",2026-05-03T11:45:07.854+07:00
